  COD;Artista;Título;OBS:;Gravadora;Formato;Condição;Valor Venda;gênero;ano;texto;tracklist;Imagens
1;Beatles, the;Hey Jude!;;Apple;LP;VG+/VG;55;rock;1970;"Uma das coletâneas que fazem parte da discografia oficial da banda, lançado no ano de dissolução do quarteto de Liverpool. Destaque pra ""Ballad of John and Yoko"", até então um single.";"A1 Can't buy me love </br>
A2 I shoul have known better</br>
A3 Paperback writer</br>
A4 Rain </br>
A5 Lady madonna</br>
A6 Revolution</br>
B1 Hey Jude</br>
B2 Old brown shoe</br>
B3 Don't let me down</br>
B4 The ballad of John and Yoko";1.jpg
2;Blind Faith;Blind Faith;;Polydor;LP;VG/VG ;60;rock;1968;"nico disco da banda inglesa, que contava com Eric Clapton e Ginger Baker do Cream, e Steve Winwood e Rick Grech do Traffic. ótimo disco! Destaque para ""Can't find my way home"", também gravada por Gilberto Gil em seu disco de 1971, e  a psicodélica ""Do what you like"", de Baker, que depois integraria a banda de Fela Kuti.";"A1 Had to cry today
A2 Can't find my way home
A3 Well all right
A4 Presence of the Lord
B1 Sea of joy
B2 Do what you like";2.jpg
3;Carlos Santana e Buddy Miles;Live!;;CBS;LP;VG/VG+;50;rock;1972;"Junção de dois monstros da música, e o resultado não podia ser melhor! Check ""Evil Ways""e ""Them Changes""";"A1 Marbles
A2 Lava
A3 Evil ways
A4 Faith interlude
A5 Them changes
B1 Free form funkafide filth";3.jpg
4;Cream;Goodbye Cream;imp Espanha;RSO;LP;VG+/VG+;80;rock;1969;"Disco da ótima banda de Eric Clapton, Ginger Baker e Jack Bruce, em 1969, misturando faixas gravadas ao vivo com músicas feitas no estúdio. Destaque pra ""I'm so glad"" e ""Sitting on the top of the world"".";"A1 I'm so glad
A2 Politician
B1 Sitting on the top of the world
B2 Badge
B3 Doing that scrapyard
B4 What a bringdown";4.jpg
5;David Bowie;Lodger;original inglês;RCA;LP;VG/VG+;70;rock;1979;"Disco que encerra a famosa trilogia de Berlim, depois de ""Heroes"" e ""Low"", numa época que morava com Iggy Pop e Brian Eno, que assina metade das músicas com Bowie. Destaque para as faixas ""Yassassin"" e ""DJ"".";"A1 Fantastic voyage
A2 African night flight
A3 Move on
A4 Yassassin
A5 Red sails
B1 D.J.
B2 Look back in anger
B3 Boys keep swinging
B4 Repetition 
B5 Red money";5.jpg
6;Deep Purple;Burn;;Purple ;LP;VG+/VG+;50;rock;1974;"Deep Purple com David Coverdale nos vocais, ótimo disco! Ouça ""Burn""e ""Mistreated""!";"A1 Burn
A2 Might just take your life
A3 Lay down, stay down
A4 Sail away
B1 You fool no one
B2 what's going on here
B3 Mistreated
B4 ""A"" 200";6.jpg
7;Frank Zappa;Sleep Dirt;imp Alemanha;Diskreet;LP;VG+/VG+;60;rock;1979;"Do mesmo ano do pop ""Sheik Yerbouti"", mas bem mais experimental. Com ""Regyptian Strut"".";"A1 Filthy habits
A2 Flambay
A3 Spider of destiny
A4 Regyption Strut
B1 Time is Money
B2 Sleep dirt
B3 The ocean is the ultimate solution";7.jpg
8;Frank Zappa;Metal man has hornet's wings;original imp;Modern Jazz ;LP;VG+/VG+;120;rock;1976;"Um dos muitos bootlegs que FZ colocou na discografia oficial no fim da vida. Nesse, o auxilio luxuoso do multiinstrumentista Captain Beefheart! Destaque pra maravilhosa ""Inca Roads"".";"A1 Metal man has hornet's wings
A2 Inca roads
A3 Story of electricity *
A4 Unconditionally guaranteed
A5 Gone behind the sun
A6 Mondo Hollywood
A7 Lightning rod man
A8 My guitar wants to kill your mama
B1 Rock around the clock
B2 Sandwich song
B3 How could I be such a fool
B4 Boogie for berkeley
B5 Neon meat dream of an Octafish
B6 King kong
B7 Speed freak boogie";8.jpg
9;Jeff Beck;Truth;original americano;Epic;LP;VG+/VG+;70;rock;1968;"Primeiro disco solo de Jeff Beck, depois de sua participação nos Yardbyrds. Conta com Rod Stewart nos vocais, em algumas de suas melhores gravações. Ouça ""Shapes of things"" e ""Morning Dew"".";"A1 Shapes of things
A2 Let me love you
A3 Morning dew
A4 You shook me
A5 Ol' man river
B1 Greensleeves
B2 Rock my plimsoul
B3 Beck's bolero
B4 Blues de luxe
B5 I ain't superstitious";9.jpg
10;Jethro Tull;Thick as a brick;Original imp;Chrysalis;LP com capa especial;VG+/VG+;90;rock;1972;Original, com a capa jornal! Destaque para a faixa título, 20 minutos que contam uma história!;"A1 Thick as a brick
B1 Thick as a brick";10.jpg
11;King Crimson;in the court of the crimson king;;Island;LP;VG+/VG+;80;rock;1972;Primeiro disco da banda, originalmente lançado em 1968, que destacou o ótimo guitarista Robert Fripp, vindo da psicodélica banda Giles, Giles and Fripp. Guitarras distorcidas e muito peso!Destaque pra faixa título, que abre e fecha o LP.;"A1 21st century schizoid man
A2 I talk to the wind
A3 Epitaph
B1 Moonchild
B2 The court of the crimson king";11.jpg
12;Leonard Cohen;songs of Leonard Cohen;imp Holanda;CBS;LP;VG/VG+;80;rock;1968;"Disco lançado em 1967, o primeiro do cantor canadense, e logo sucesso tanto nos EUA como na Inglaterra. Destaque pra ""Suzanne"", a bela ""Hey, that's no way to say goodbye"" e ""Sisters of Mercy"", que influenciou a banda inglesa na escolha do nome.";"A1 Suzanne
A2 Master song
A3 Winter lady
A4 The stranger song
A5 The sisters of mercy
B1 So long, Marianne
B2 Hey, that's no way to say goodbye
B3 Stories of the street
B4 Teachers
B5 One of us cannot be wrong";12.jpg
13;Pink Floyd;Ummagumma;;Harvest;2 LP;VG+/VG+;80;rock;1969;"Disco duplo da banda inglesa, ja com David Gilmore, com um dos discos ao vivo e o outro em estúdio. Ouça ""Astronomy Domine"" do disco ao vivo.";"A1 Astronomy domine
A2 Careful with that axe, Eugene
B1 Set the controls for the heart of the sun
B2 A saucerful of secrets
C1 Sysyphus
C2 Grandchester meadows
C3 Several species of small furry animals gathered together in a cave and grooving with a pict
D1 The narrow way  D2 The grand vizier's garden party";13.jpg
14;Rolling Stones;Some Girls;imp Holanda, com fotos e encarte;EMI;LP com capa especial;VG+/VG+;75;rock;1978;"Disco de uma das bandas que define o rock'n'roll, com destaque pro hit ""Miss You"" e ""Beast of Burden"".";"A1 Miss you
A2 When the whip comes down
A3 Just my imagination(running away from me)
A4 Some girls
A5 Lies
B1 Faraway eyes
B2 Respectable
B3 Before they make me run
B4 Beast of burden
B5 Shattered";14.jpg
15;Traffic;Shoot out at the fantasy factory;original;Island;LP;VG/VG+;70;rock;1973;Ótimo LP do grupo de Steve Winwood, gravado na Jamaica. E  com aquela faca característica na ponta da capa.Ouça a faixa-título.                                                                                                                                                                                                                                                                                                                                                                                                                                                                                                                                                                                                         ;"A1 Shoot out the fantasy factory
A2 Roll right stones
B1 Evening blue
B2 Tragic magic
B3 (Sometimes I feel so) Uninspired";15.jpg
16;Alypio Martins;O rei do Carimbó - vol.2;;Som;LP;VG/VG;250;regional;1974;"Contém o grande hit ""Piranha"". Alypio foi um dos grandes responsáveis pela difusão do carimbó no resto da país. Strong VG, capa e disco.";"A1 Piranha
A2 Fachiando
A3 Baionete
A4 Rebu no Galinheiro
A5 Senhor da floresta
A6 Velho zuza
B1 Essa mulher vai me acabar
B2 Tatu da velha Noca
B3 Praia do futuro
B4 Se eu não tivesse o seu carinho
B5 Me amarro na vida
B6 Não quero papo com ninguém";16.jpg
17;Anelis Assumpção;Amigos Imaginários;;a.;LP;MINT;80;Brasil;2014;"Psicodelia e balanço, latinidades e jamaiquices sem sair do Brasil: o último disco de Anelis tem personalidade e força! Check ""Eu gosto assim"". Nós também!";"A1 Cê tá com tempo?
A2 Eu gosto assim
A3 Mau juízo
A4 Inconcluso
A5 Song to Rosa
B1 Minutinho
B2 Devaneios
B3 Toc toc toc
B4 Declaração
B5 Por que?";17.jpg
18;Antonio Carlos e Jocafi;Mudei de idéia;;RCA;LP;VG/VG;100;brazuca;1971;"Disco de estreia da dupla baiana, inspiradíssimo! check ""Quem vem lá"", ""Se quiser valer"", ""Deus o salve"" e o hit ""Kabaluerê"". Strong VG, capa e disco.";"A1 Você abusou
A2 Se quiser valer
A3 Kabaluerê
A4 Conceição da praia
A5 Hipnose
A6 Mudei de idéia
B1 Desacato
B2 Quem vem lá
B3 Nord west
B4 Morte do amor
B5 Deus o salve
B6 Bonita";18.jpg
19;Ary Lobo;Ary Lobo;;Esquema;LP;VG-/VG;45;regional;;"Coletânea, último disco do mestre paraense. Com ""Súplica cearense"" e ""Vendedor de caranguejo"".";"A1 Vendedor de caranguejo/ último pau de arara/ Paulo afonso
A2 Uma prece para os homens sem Deus
A3 Quem é o campeão
A4 Vou beber pra esquecer
A5 Belém de Maria/ Pedido a Padre Cícero/ Forró em Caucaia
B1 Suplica cearense/ São Pedro esqueceu de assinar
B2 Eu vou pra lua/ Juvita
B3 Tudo é nada
B4 Aniversário de São Benedito
B5 A saudade dói";19.jpg
20;Azambuja & Cia.;Azambuja & Cia.;;Cid;LP;VG/VG;100;brazuca;1975;"Personagem de Chico Anysio, que sabia se cercar de grandes talentos. Nesse disco: o parceiro Arnaud Rodrigues, Azymuth, Vitor Assis Brasil e Durval Ferreira, entre outros. Contém o hit ""Tema do Azambuja"".";"A1 Negra brechó
A2 Ao Bililico
A3 Tema do Azambuja
A4 Monólogo n 1
B1 Maristela
B2 O poste da rua Jorge Lima
B3 Verde
B4 A turma
B5 Monólogo n 2";20.jpg
21;Bixiga 70;Bixiga 70;;Traquitana;LP;MINT;75;brazuca;2015;Disco novo do Bixiga 70! E o seu afrobeat parece cada vez mais brasileiro! E o projeto gráfico é assinado pelo grande MZK, que concorreu ao Grammy Latino de melhor capa pelo primeiro disco da banda. selo Patuá de qualidade!;"A1 Ventania
A2 Niran
A3 100% 13
A4 Di dancer
B1 Machado
B2 Martelo
B3 Lembe
B4 Mil vidas
B5 7 pancadas";21.jpg
22;Cartola;ao vivo;;RGE;LP ;EX/EX;100;Brasil;1991;"LP póstumo do sambista carioca, tem vários de seus clássicos, como ""As rosas não falam"", ""Alvorada"", ""O mundo é um moinho""... Em timo estado!";"A1 Alvorada
A2 O mundo é um moinho
A3 Sim
A4 Acontece
A5 Amor proibido
B1 As rosas não falam
B2 Verde que te quero rosa
B3 Peito vazio
B4 Alegria
B5 O inverno do meu tempo
B6 O sol nascerá";22.jpg
23;Chico Buarque;Construção;;Philips;LP;VG/VG;30;Brasil;1971;"Um dos grandes discos de um dos grandes artistas brasileiros. Ouça ""Construção"", ""Cotidiano"" e ""Deus lhe pague"", à exaustão!";"A1 Deus lhe pague
A2 Cotidiano
A3 Desalento
A4 Construção
B1 Cordão
B2 Olha Maria
B3 Samba de Orly
B4 Valsinha
B5 Minha história
B6 Acalanto";23.jpg
24;Clara Nunes;As forças da natureza;;EMI;LP;VG+/VG;40;Brasil;1977;"Ótimo LP de Clara, com a mistura afrobrasileira que lhe é peculiar nessa fase. Contém ""Coisa da antiga"" e o hit ""Partido Clementina de Jesus"", onde divide o microfone com Clementina, grande dama do samba brasileiro.";"A1 Forças da natureza
A2 P.C.J. (Partido Clementina de Jesus)
A3 Senhora das candeias
A4 Perdão
A5 Homenagem a velha guarda
A6 Rancho da primavera
B1 Coisa da antiga
B2 Coração leviano
B3 A flor da pele
B4 Palhaço
B5 Fado tropical";24.jpg
25;Clementina de Jesus;Clementina;;EMI;LP;VG+/VG+;60;Brasil;1985;"Discoteca básica! Clementina devia ser ensinada nas escolas! Com ""Na hora da sede"" e o hino afrobrazuca ""Embala eu""";"A1 Tantas você fez
A2 Embala eu
A3 Cororocó
A4 Olhos de azeviche
A5 Boca de sapo
A6 Laçador
B1 Assim não zambi
B2 Na hora da sede
B3 Sonho meu
B4 Torresmo a milanesa
B5 Caxinguele das crianças
B6 Papel reclame";25.jpg
26;Clube do Balanço;Menina da Janela;;YB;LP;MINT;80;brazuca;2015;"Disco novo da grande banda de samba rock paulistana, liderada por Marco Mattoli! check ""Time contra"", e ""Dolores Gabriela"".";"A1 La nave va
A2 Time contra
A3 Vício perfeito
A4 Nó
A5 Te dou bola
B1 Menina da janela
B2 De chinelo
B3 Baby não mora mais lá
B4 Dolores Gabriela
B5 Don Bocato";26.jpg
27;Dominguinhos;Domingo menino;;Philps;LP;VG/VG;150;regional;1976;"Um dos melhores discos do sanfoneiro pernambucano, fundindo os ritmos nordestinos com o balanço da MPB. Banda com Gilberto Gil, Wagner Tiso, Evinha, Jackson do Pandeiro...Check ""O Babulina"", homenagem a Jorge Ben.";"A1 Quero um xamego
A2 O Babulina
A3 Destino traquino
A4 De mala e cuia
A5 Minha ilusão
A6 Gracioso
B1 tenho sede
B2 Forró do sertão
B3 Veja
B4 Cheguei pra ficar
B5 O canto de acauã
B6 Baião violado";27.jpg
28;Donga;a música de Donga;;Discos Marcus Pereira;LP;VG/VG+;100;Brasil;1974;Único disco do mestre Donga, que faleceu em 25/8/74, antes dele vir a público. Discoteca básica!;"A1 Amigo do povo - regional
A2 Canção dos infelizes - Elizeth Cardoso
A3 Benedito no choro - regional
A4 Patrão prenda seu gado - Almirante
A5 Vertigem - regional
A6 Seu Mané - Leci Brandão e Marçal
B1 Cinco de julho - regional
B2 Ranchinho desfeito - Paulo Tabajós
B3 Ligia, teus olhos dizem tudo
B4 Pelo telefone - Almirante
B5 Quando uma estrela sorri - Gisa Nogueira
B6 Depoimento de Donga ao MIS do Rio de Janeiro";28.jpg
29;Doris Monteiro;Doris;;EMI;LP;VG+/VG+;80;brazuca;1976;"Ótimo disco da grande Dóris Monteiro, um dos grandes nomes do samba rock. Check ""Maita"", ""Dia de Feira"" e ""Lugar Comum"".";"A1 Maita
A2 Flauta de lata
A3 Partida
A4 Dia de feira
A5 Lugar comun
B1 Eu hein, Rosa!
B2 Choro de nada
B3 Pra não padecer
B4 Lamento no morro
B5 A banca do distinto
B6 Tema de Doris";29.jpg
30;Ednardo e o pessoal do Ceará;meu corpo, minha embalagem, todo gasto na viagem;;Continental;Gatefold;VG+/VG+;80;Brasil;1973;"Original do primeiro disco de Ednardo, com ""Cavalo Ferro"", ""Ingazeiras""e ""Palmas pra dar Ibope"". ";"A1 Ingazeiras
A2 Terral
A3 Cavalo ferro
A4 Curta metragem
A5 Falando da vida
A6 Dono dos teus olhos
B1 Palmas pra dar Ipobe
B2 beira mar
B3 Susto
B4 A mala";30.jpg
31;Edu Lobo;Camaleão;;Philips;LP;VG+/VG+;50;Brasil;1978;Grande disco de Edu Lobo, comparado por Edson Carvalho com a produção do maestro Arthur Verocai. Confira! ótimo estado!;"A1 Lero lero
A2 O trenzinho do caipira
A3 Coração noturno
A4 Canudos
A5 Camaleão
B1 Sanha na mandinga
B2 Branca dias
B3 Bate boca
B4 Descompassado
B5 Memórias de Marta Saré";31.jpg
32;Elo da Corrente;Cruz;;independente;LP;MINT;80;brazuca;2014;"Um dos melhores discos do ano passado! O RAP convidando a MPB pra dançar! Participações do mestre Arthur Verocai, Célia, Danilo Caymmi e Marcia Castro! Check ""Memórias"".";"A1 Sobre o infinito e outras coisas 
A2 Ave liberdade
A3 Memórias
A4 Naja
A5 Cruz
B1 Salutaris
B2 Alegria
B3 Batucada fantástica
B4 Tríade
B5 Koan";32.jpg
33;Elomar, Geraldo Azevedo, Vital Farias, Xangai;Cantoria;com encarte;Kuarup;LP;VG+/VG+;50;regional;1984;"Gravado ao vivo em 1984, a performance irretocável desses grandes violeiros brasileiros ainda toca quem ouve! Discoteca básica! Com ""ai que saudade de ocê"", ""Kukukaya""e ""Cantiga do boi incantado"".";"A1 Novena
A2 Sete cantigas pra voar
A3 Cantiga do boi incantado
A4 Kukukaya )jogo da asa da bruxa)
A5 Ai que saudade de ocê
A6 Ai déu sodade (o ABC do preguiçoso)
B1 Semente de Adão e Viramundo
B2 Cantiga do estradar
B3 Saga da amazonia
B4 Matança
B5 Cantiga de amigo";33.jpg
34;Elomar, Geraldo Azevedo, Vital Farias, Xangai;Cantoria 2;;Kuarup;LP;VG+/VG;50;regional;1984;"Segundo volume com músicas do show de 1984, discoteca básica! Ouça ""Cantiga de amigo"", ""Moça bonita""e a ""Suite correnteza"".";"A1 Abertura
A2 Era casa, era jardim/Veja Margarida
A3 Sabor colorido/ Moça bonita
A4 Na quadrada das águas perdidas
A5 Cantilena de lua cheia
B1 Arrumação
B2 Suite correnteza
B3 Estampas Eucalol
B4 Saga de Severinin
B5 Cantiga de amigo";34.jpg
35;Emílio Santiago;Emilio;;Philips;LP;VG+/VG;50;brazuca;1978;"Grande disco! Uma das grandes vozes da música brasileira empresta seu talento a ótimas músicas, como ""Amante Amado"" de Jorge Ben e ""Cabelo Pixaim"" de Jorge Aragão. Funky!";"A1 Afina o meu violão
A2 Cabelo Pixaim
A3 Pereketeia bingola
A4 Todo amor que devora
A5 Total abandono
A6 Ser alegre
A7 Por uma vez só
B1 Vida maré
B2 Menina danada
B3 Amante amado
B4 Não quero mais chorar
B5 Ventos de junho
B6 Compositor";35.jpg
36;Gal Costa;Gal;;Philips/ Polysom;LP;MINT;80;Brasil;1969;Psicodelia melodiosa de Gal, acompanhada de Lenny Gordin e Dirceu, sob direção de Jards Macalé. Reissue da Polysom. Discoteca básica!!;"A1 Cinema Olympia
A2 Tuareg
A3 Cultura e civilização
A4 País tropical
A5 Meu nome é Gal
B1 Com medo, com Pedro
B2 Empty boat
B3 Objeto sim, objeto não
B4 Pulsares e quasares";36.jpg
37;Gilberto Gil;Refazenda;;Philips;LP;VG+/VG+;90;Brasil;1975;"Fase ""Re"" do autor, que também compreende os discos ""Refavela"", ""Refestança"" (esse com Rita Lee"" e ""Realce"". Check ""Ela"", ""Ê povo ê"" e a bela faixa título. Discoteca básica!";"A1 Ela
A2 Tenho sede
A3 Refazenda
A4 Pai e mãe
A5 Jeca total
A6 Essa é pra tocar no rádio
B1 Ê, povo, ê
B2 Retiros espirituais
B3 O rouxinol
B4 Lamento sertanejo
B5 Meditação";37.jpg
38;Jards Macalé;Jards Macalé;;Philips/Polysom;LP;MINT;80;Brasil;1972;"Primeiro disco solo, um dos grandes LPs feitos no Brasil! Contém ""Mal secreto"", famoso na voz de Gal Costa. Reedição da Polysom";"A1 Farinha do desprezo
A2 Revendo amigos
A3 Mal secreto
A4 78 rotações
B1 Movimento dos barcos
B2 Meu amor me agarra&treme&geme&chora&mata
B3 Let's play that
B4 Farrapo humano/ a morte
B5 Hotel das estrelas";38.jpg
39;Jorge Ben;Big Ben;imp EUA;Philips;LP;VG/VG;150;brazuca;1964;Apesar do nome, é a versão americana do disco Samba Esquema Novo, de 1963. Tem um pequeno furo que vara a capa e o selo, de resto VG+.;"A1 Mas que nada
A2 Tim dom dom
A3 Balança pema
A4 Vem morena vem
A5 Chove chuva
A6 É só sambar
B1 Rosa, menina Rosa
B2 Quero esquecer você
B3 Uala ualala
B4 A tamba
B5 Menina bonita não chora
B6 Por causa de você";39.jpg
40;Jorge Ben e Mano Brown;Umbabarauma;;Nike;LP;MINT;500;brazuca;2010;Ótima versão do clássico de Jorge Ben de 1976, aqui com o auxílio luxuoso de Brown, que canta sobre o título paulista do Santos de 2004. Não foi comercializado, sendo uma peça promocional da Nike internacional. Raro!;"A1 Umbabarauma (integral)
A2 Umbabarauma (radio edit)
B1 Umbabarauma (instrumental)
B2 Umbabarauma (Beat pack)";40.jpg
41;Jorge Ben;Ben é Samba Bom;;Philips/ Polysom;LP;MINT;80;brazuca;1964;"Reissue da Polysom do disco de 1964, contém ""Descalço no Parque"", ""Onde anda meu amor"" e ""Dandara Hey"".";"A1 Descalço no parque
A2 Onde anda meu amor
A3 Bicho do mato
A4 Vou de samba com você
A5 Samba legal
A6 Ôba lá lá
B1 Gabriela
B2 Zópe Zope
B3 Saída do Porto
B4 Dandara, hei
B5 Samba menina
B6 Guerreiro do Rei";41.jpg
42;Kakau Góis;Ritmo Latino;;RGE;LP;VG/VG;40;regional;1992;Mistura de ritmos tropicais como a cumbia, o merengue e a guaracha. Check it out!;"A1 A paloma
A2 Marina Rosa
A3 Chamêgo quente
A4 Bailado Flamejante
A5 Cubana
B1 Dançando merengue
B2 La chica coquetá
B3 Ritmo latino
B4 Espelho da lua
B5 Beleza fina flor";42.jpg
43;Lennie Dale e o Sambalanço Trio;Lennie Dale e o Sambalanço Trio;;Elenco;LP;VG+/VG+;250;Brasil;1965;Grande disco! Mistura do coreógrafo Lennie Dale, que nos anos 70 foi um dos fundadores do Dzi Croquettes, com o grande Sambalanço Trio de Cesar Camargo Mariano, Cleyber e Airto Moreira. Todo bom!;"A1 The lady is a tramp
A2 Samba de mudar/ consolação
A3 Reza
A4 Night and day
A5 O morro não tem vez
B1 Menino das laranjas
B2 Quem é homem não chora/ Berimbau
B3 Na baixa do sapateiro
B4 O pato
B5 That old black magic";43.jpg
44;Los Sebozos Postizos;Los Sebozos Postizos interpretam Jorge Ben Jor;;Polyson;LP;MINT;80;brazuca;2012;"Alguns integrantes da Nação Zumbi em um projeto paralelo. Nesse disco eles se debruçam sobre a obra de Jorge Ben Jor! Ouça ""Vou andando"", ""Descalço no parque"" e ""O homem da gravata florida"".";"A1 Vou andando
A2 A jovem samba
A3 Quero esquecer você
A4 Cinco minutos
A5 Descalço no parque
A6 O telefone tocou novamente
B1 O homem da gravata florida
B2 Os alquimistas estão chegando os alquimistas
B3 Frases
B4 Toda colorida
B5 Rosa menina Rosa";44.jpg
45;Luis Vagner;Luis Vagner;;Copacabana;LP;VG-/VG;70;brazuca;1976;"Melhor fase do grande cantor e compositor gaúcho. Contém o clássico ""Guitarreiro"", ""Lá no Partenon"" e a pedrada ""Frescura de uma mulher"". Pesado!";"A1 Guitarreiro
A2 Lá no ""partenon""
A3 Sufoco
A4 Corcoveia
A5 Cobra criada
B1 Camponesa
B2 Frescura de uma mulher
B3 Estás loca de linda Rita
B4 Queres o que ô?
B5 Tesourão";45.jpg
46;Luiz Melodia;Luiz Melodia;;Warner;LP;VG/VG;45;Brasil;1980;"Disco de 1980, contém o clássico ""Negro gato"" e ""Mistério da Raça"".";"A1 Ilha de Cuba
A2 Segredo
A3 Surra de chicote
A4 Hoje e amanhá não saio de casa
A5 negro gato
B1 Passarinho viu
B2 Mistério da raça
B3 Dias de esperança
B4 Feras que virão";46.jpg
47;Marcos Valle;Marcos Valle;;Odeon/ Light in the attic;Gatefold;MINT;100;Brasil;1970;"O famoso disco da cama de Valle, com ""Freio Aerodinâmico"", ""Os grilos"" e ""Esperando o Messias"". Discoteca básica!";"A1 Quarentão simpático
A2 Ele e ela
A3 Dez leis (is that law)
A4 Que eu canse e descanse
B1 Esperando o Messias
B2 Freio aerodinâmico
B3 Os grilos
B4 Suite imaginária";47.jpg
48;Marcos Valle;Garra;;Odeon/ Light in the attic;Gatefold;MINT;100;Brasil;1969;"Fase áurea do cantor/compositor, onde traz o soul e o groove pra sua mistura pra lá de especial! Com ""Wanda Vidal"", ""O Cafona"" e Vinte e ""Seis anos de vida normal"", também lançado por Erasmo Carlos em seu LP ""Carlos, Erasmo"".";"A1 Jesus meu rei
A2 Com mais de 30
A3 Garra
A4 Black is beautiful
A5 Ao amigo Tom
A6 Paz e futebol
B1 Que bandeira
B2 Wanda Vidal
B3 Minha voz virá do sol da América
B4 Vinte e seis anos de vida normal
B5 O cafone";48.jpg
49;Marcos Valle;Vento Sul;;Odeon/ Light in the attic;Gatefold;MINT;100;Brasil;1972;"Mais experimental e enjagado, mas sem nunca perder a qualidade! Ouça a bela ""Vôo Cego"", recentemente sampleado pelo grupo frances Souleance, e ""Pista 02"".";"A1 Revolução orgânica
A2 Malena
A3 Pista 02
A4 Vôo cego
A5 Bôdas de sangue
A6 Democústico
B1 Vento sul
B2 Rosto barbado
B3 Mi hermoza
B4 Paisagem de Mariana
B5 Deixa o mundo e o sol entrar";49.jpg
50;Martinho da Vila;Maravilha de Cenário;;RCA;Gatefold;VG+/VG+;40;Brasil;1975;"Discoteca básica! Martinho da Vila no auge! ""Andando de banda"", do gaitista e maestro Rildo Hora com Sérgio Cabral, é pra ouvir todo dia! E ""Lá na roça(mes de Maria)"" é um dos melhores afrosambas já feitos!";"A1 Aquarela brasileira
A2 Você não passa de uma mulher
A3 Tempo de menino
A4 Andando de banda 
A5 Lá na roça (mes de Maria)
A6 Maré mansa
B1 Salve a mulatada brasileira
B2 Verdade verdadeira
B3 Cresci no morro
B4 Hino dos batutas de São José
B5 Se algum dia
B6 Glorias gaúchas";50.jpg
51;Metá Metá;Metal Metal;;Goma Gringa;especial;MINT;85;Brasil;2012;"Um dos melhores discos feitos nos últimos anos no Brasil! Intenso e autoral, a complexidade do disco envolve raízes africanas e heavy metal, jazz e funk, sob a guarda de uma MPB moderna e renovada! ouça o disco inteiro! : ""Oyá""é apenas uma! e vale uma olhada no projeto gráfico, com desenhos de Kiko Dinucci e assinado por Fred Thipagne!";"A1 Exú
A2 Oya
A3 São Jorge
A4 Man feriman
A5 Tristeza não
B1 Rainha das cabeças
B2 Cobra rasteira
B3 Logun
B4 Orunmila";51.jpg
52;Miécio Askanazy/ José Prates;Tam...Tam...Tam...!;;Trunk;LP;MINT;90;Brasil;2014;"Um dos reissues mais esperados, ""Tam tam tam"" é menos conhecido pelo seu compositor do que pelo seu arranjador, José Prates, um dos grandes mestres do som afrobrazuca! Check ""Nanã Imboro"" e tire suas próprias conclusões: Jorge Ben copiou a faixa ou não em seu clássico ""Mas que nada""?";"A1 Imbarabaô
A2 Imbaê - Sofá
A3 Nãnã Imborô
A4 Fá-êu-á
A5 Oniká
A6 Ogum olojô
B1 Maracatu da D. Santa
B2 De Luanda-ô
B3 Maracatu elegante
B4 Nêga Zefinha
B5 Tem brabo no samba";52.jpg
53;Mocidade Independente de Padre Miguel;Bateria nota 10;;Tapecar;LP;VG+/VG;30;Brasil;1972;"Um dos melhores discos de batucada, aula pra qualquer bateria do mundo! Check ""Ouriço"".";"A1 Ouriço
A2 Sincopado
A3 Segura as cadeiras
B1 É isto aí!
B2 Samba no pé
B3 Deixa comigo";53.jpg
54;Moraes Moreira;Alto Falante;;Som Livre;LP;VG/VG+;45;Brasil;;;"A1 Fruta mulher
A2 Crioula
A3 Mulher
A4 Espírito esportivo
A5 De tarde na liberdade
A6 Alto falante
B1 Pedaço de canção
B2 Revoada
B3 Prosando com Maria
B4 Ana caiana
B5 Choro feliz
B6 Mentira";54.jpg
55;Mutantes, Os;Mutantes e seus cometas no país do baurets;;Polydor;Gatefold;MINT;100;Brasil;1972;"Discoteca básica! Quinto e último disco da banda com a formação original, aqui acrescida do então baixista Liminha, que iria mudar a sonoridade da música feita no Brasil nos anos 80. Ouça ""Dune Buggy"" e ""Cantor de Mambo"".";"A1 Posso perder minha mulher, minha mãe, desde que eu tenha o meu rock and roll
A2 Vida de cachorro
A3 Dune buggy
A4 Cantor de mambo
A5 Beijo exagerado
A6 Todo mundo pastou
B1 Balada do louco
B2 A hora e a vez do cabelo nascer
B3 Rua augusta
B4 Mutantes e seus cometas no país do baurets
B5 Todo mundo pastou II";55.jpg
56;Mutantes, Os;Jardim Elétrico;;Polydor;LP;MINT;100;Brasil;1971;"Quarto disco da banda paulistana, cada vez mais louca! check ""Top Top"" e a versão do cássico ""Baby"", de Caetano Veloso.";"A1 Top top
A2 Benvinda
A3 Tecnicolor
A4 El justiciero
A5 It's very nice pra xuxu
A6 Portugal de navio
B1 Virginia
B2 Jardim elétrico
B3 Lady, lady
B4 Saravá
B5 Baby";56.jpg
57;Mutreteiros Grilados;Coisas Nossas;;Girasom;LP;VG/VG;40;Brasil;1972;"Disco gravado no começo dos anos 70, por artistas que tinham contratos com outras gravadoras. Daí a ficha técnica com nomes como PZ, QM, Polenguinho e Xuxu Beleza. Ótimo disco, com versões de clássicos como ""Esperanças perdidas"", ""Cosa nostra"" e ""Tm a JB"", homenagem do Trio Mocotó a Jorge Ben.";"A1 Cosa nostra
A2 Galileu da Galiléia
A3 TM a JB
A4 Esperanças perdidas
A5 Nó na cana
B1 Alô fevereiro
B2 Águas de março
B3 Partido Alto
B4 Batuque na cozinha
B5 Quando o carnaval chegar
B6 Encabulada";57.jpg
58;Nazaré Pereira;Amazonia;;Top Tape;LP;VG/VG+;80;Brazuca;1980;"Aqui o afrobrazuca chega na Amazônia...Ouça hits absolutos do afrobrasil como ""Riacho do navio"" e a pedrada ""Flecha de fogo"". ";;58.jpg
59;Noriel Vilela;"Eis o ""Ôme""";;Copacabana/ Brasilis grooves;LP;MINT;90;Brazuca;1971;"Pedra máxima do cancioneiro afrobrazuca! Noriel, intérprete da ""16 toneladas"" (uma das músicas brasileiras mais tocadas nas pistas do mundo todo), traz um disco todo dedicado a umbanda, com músicas do quilate de ""Acocha malungo"" e ""Pra Iemanjá levar"". Em tempo: nesse reissue da Brasilis Grooves com a Somatória do Barulho, as toneladas vem de brinde!";"A1 Promessado
A2 Saravando Xangô
A3 Só o Ome
A4 Meu caboclo não deixa
A5 Pra Iemanjá levar
A6 Samba das águas
A7 16 toneladas
B1 Eu tá vendo no copo
B2 Acredito sim
B3 Peço licença
B4 Cacunde, cacunda
B5 Acocha malungo
B6 Saudosa Bahia";59.jpg
60;Orlandivo;Orlandivo;;Som/ Kindred Spirits;LP;MINT;90;Brazuca;1976;"Groovy!! Melhor disco de Orlandivo lançado pelo selo holandes Kindred Spirits! Arranjos de João Donato, que também assina as teclas do disco, junto com uma banda maravilhosa! Ouça ""Onde anda o meu amor"" e ""Tamanco no samba"", genial!";"A1 Tudo Jóia
A2 Um abraço no Bengil
A3 Gueri-Gueri
A4 Tamanco no samba
A5 Juazeiro
B1 Onde anda o meu amor
B2 Disse me disse
B3 Palladium
B4 Bolinha de sabão";60.jpg
61;Paulinho Nogueira;10 milhões de neurônios;;Continental;LP;VG/VG;50;Brasil;1972;Grande disco de Paulinho Nogueira, professor de violão de grandes instrumentistas brasileiros, como Toquinho. Aqui ele mostra todo seu talento, em músicas como a faixa título.;"A1 Dez bilhões de neurônios
A2 O velho guru
A3 Pretérito perfeito
A4 Nem de dia, nem de noite
A5 Menina
B1 Tímido
B2 Odeon
B3 Pra você que vai chegar
B4 Um simples chorinho
B5 Um, dois, três
B6 Chôro n 1 (Chôro típico)";61.jpg
62;Paulo Bagunça e a Tropa Maldita;Paulo Bagunça e a Tropa Maldita;;Continental/ Somatória do barulho;LP;MINT;80;Brazuca;1973;"O preço desse disco já alcança os 4 dígitos! Feliz relançamento desse ótimo LP, arranjado pelo grande Laércio de Freitas! Faixas como ""Grinfa louca"" e ""Olhos Coloridos"" marecem a atenção!";"A1 Apêlo
A2 Grinfa louca
A3 Olhos coloridos
A4 Microfones metálicos
A5 Tramba
B1 A mente
B2 Olhar animal
B3 Madalena
B4 Mensageiro
B5 Cristina";62.jpg
63;Renato e seus blue caps;Renato e seus blue caps;;CBS;LP;VG/VG;40;Brazuca;1971;"Disco de 1971 dos Blue Caps, contém a faixa ""46-77-23"".";"A1 46-77-23
A2 Esta noite não sonhei com você
A3 Sheila
A4 Sou louco por você
A5 Você vai me ouvir
A6 Tania
B1 Não é nada disso
B2 Nós dois
B3 Agora é tarde
B4 O brinquedo se quebrou
B5 Sou amor pra te entregar
B6 Ainda é hora de chorar";63.jpg
64;O quarteto;O quarteto;;Philips;LP;VG/VG;70;Brasil;1968;"Disco de 68, bem legal! Ouça ""Os grilos"", versão do som dos irmãos Valle.";"A1 Os grilos
A2 Live for life
A3 O velho
A4 Bonita
A5 Rua antiga
A6 Who needs forever
B1 Waves
B2 Maria madrugada
B3 Canta
B4 Here, there and everywhere
B5 Isso não se faz
B6 Tenderly";64.jpg
65;Rita Lee;Babilonia;;Som livre;LP;VG+/VG;50;Brazuca;1978;"Tia Rita goes disco! Check ""Miss Brasil 2000"" e o hit ""Agora é moda""! ";"A1 Miss Brasil 2000
A2 Disco Voador
A3 Agora é moda
A4 Jardins da Babilônia
B1 O futuro me absolve
B2 Sem Cerimônia
B3 Que loucura
B4 Eu e o meu gato
B5 Modinha";65.jpg
66;Roberto Leal;Roberto Leal;;RGE;LP;VG/VG;45;Brazuca;1974;"Roberto Leal psicodélico! Check ""Minha cruz""";"A1 Lisboa antiga
A2 Vem amar
A3 Mocinhas da cidade
A4 Uma tarde no circo
A5 Grandola, vila morena
B1 Verde gaio
B2 Momento do amor
B3 Meus amores
B4 Minha cruz
B5 Menina faceira
B6 Era o fado meu amigo";66.jpg
67;Rock Grain;Explosão da juventude;;Square;LP;VG+/VG+;300;Brazuca;1972;Mosca branca!! Originalmente chamado O Grão, teve seu nome traduzido na onda dos anos 70. É a primeira banda de Robson Jorge e Paulinho Guitarra!! Rock bem feito, Yázigi incompleto!;"A1 Hours again
A2 Rock power
A3 Diary
A4 I don't like
A5 Baby I'm a want you
A6 Money is/ Niji trance
B1 Out a space
B2 Are we loosing touch
B3 Alone again (naturally)
B4 I want to love
B5 Never can say goodbye
B6 Rock roll stew";67.jpg
58;Ronnie Von;A misteriosa luta do Reino de Parassempre contra o Império de Nuncamais;;Polydor/ Polysom;LP;MINT;80;Brazuca;1969;"Maravilhoso disco do Sr. Von Schilgen, um dos grandes tropicalistas! Aqui ele mostra porque ele foi o cara que escolheu o nome dos Mutantes! Ouça ""Regina e o mar"" e sua versão pra ""Dindi""!";"A1 De como meu herói Flash Gordon irá levar-me a alfa do centauro, meu verdadeiro lar
A2 Dindi
A3 Pare de sonhar com estrelas distantes
A4 Onde foi
A5 My cherie amour
A6 Atlantida
B1 Por quem sonha Ana Maria
B2 Mares de areia
B3 Regina e o mar
B4 Foi bom
B5 Rose Ann
B6 Comecei uma brincadeira";68.jpg
69;Sandália de Prata;Desfaio ao Galo;;independente;LP;MINT;;Brazuca;201?;"Terceiro LP do grupo de samba rock paulistano, o último com Paulinho Sorriso na bateria. Algumas músicas aqui nasceram clássicos, como  ""Tapa do Siri"" e ""Rolê na paulicéia"". Ainda tem a diva Elza Soares emprestando a voz pra afilhada Ully Costa em ""Quem sabe, sabe"". Discão!";"A1 Menino rei
A2 Som de drão
A3 Rolê na paulicéia
A4 João
A5 O cravo brigou com a rosa
A6 Vou deixar rolar
B1 Tapa do siri
B2 Fez por merecer
B3 Quem sabe, sabe
B4 Sensual funk
B5 Reza forte (instrumental)";69.jpg
70;Secos e molhados;Gravado ao vivo no Maracanazinho;;Continental;LP;VG/VG;120;Brasil;1974;Disco ao vivo da banda, contém vários dos sucessos dois dois primeiros albuns. Uma das bandas mais criativas da primeira metade dos anos 70!;"A1 Andorinhas
A2 Rosa de hiroshima
A3 Mulher barriguda
A4 Primavera nos dentes
A5 El rey
B1 Toada & rock & mambo & tango etc
B2 Fala
B3 Assim assado
B4 O vira";70.jpg
71;Sergio Ricardo;Trilha sonora do filme A noite do espantalho;;Phonodics;LP;VG/VG;70;Brasil;1978;"Bonita trilha!!! Destaque pra ""Meu nome é Zé do Cão"", porreta!";"A1 Canção do espantalho
A2 História que se conta
A3 Meu nome é Zé do Cão
A4 Pena e o penar
A5 Tulão de estrelas
A6 Pé na estrada
B1 Noite de Maria
B2 Mutirão
B3 Festa do mutirão
B4 Briga de faca
B5 Martelo a bala e facão
B6 Macauã";71.jpg
72;Sexteto de jazz moderno;Bossa Nova;;RCA Victor;LP;VG+/VG+;300;Brasil;1963;"Raridade! Disco em ótimo estado, apenas um escrito na capa. Ouça ""Samba toff"".";"A1 Samba de uma nota só
A2 Barquinho
A3 Samba toff
B1 Desafinado
B2 Menina feia
B3 Lamento";72.jpg
73;Tania Maria;Via Brasil;;Barclay;LP;VG+/VG+;150;Brazuca;1975;"Ótimo disco da grande pianista e cantora Tania Maria e ótimo exemplar também, perfeito estado! Ouça ""Fio Maravilha"".";"A1 Samba de orly
A2 Pout pourri de Jorge Ben
A3 Até quem sabe
A4 Abre alas
A5 Fio maravilha
B1 A cruz
B2 Águas de março
B3 Bedeu
B4 Não tem perdão
B5 Pot-pourri via brasil";73.jpg
74;Tribo Massahi;Tribo Massahi;;Goma Gringa;LP;MINT;90;Brazuca;197?;"Um dos discos mais procurados por colecionadores do mundo inteiro foi relançado pelo selo Goma Gringa! Vem com um encarte contando toda a história desse obscuro grupo! Check ""Pai João"", recentemente relançando por Seu Jorge com a banda Almaz!";"A1 Walk by jungle
A2 Fareuá
A3 Harmatan
A4 Dandara
B1 Pae João
B2 Menina da janela
B3 Oan
B4 Madrugada sem luar";74.jpg
75;Ully Costa;Quem sou eu;;independente;LP;MINT;;Brazuca;2012;"Primeiro disco solo da ótima cantora paulistana, vocalista do grupo Sandália de Prata! Afrobrazuca, MPB e R&B, sem perder a qualidade! Check ""A querer"" e o highlife ""Marinheiro/ Irará Édun"".";"A1 A querer
A2 Festa do Rei Nagô
A3 Capoeira de Oxalá
A4 O ponto
A5 Olhos dagua
B1 Veja meu lado
B2 Marinheiro/ Irora Edun/
B3 Pindorama 
B4 Quem sou eu";75.jpg
76;Vanusa;Vanusa;;RCA;LP;VG/VG;120;Brazuca;1969;"O melhor disco de Vanusa!! Forte e psicodélico, groovy! Ouça o dancefloor hit ""Hey Joe"" e  ""Atmico platônico""!";"A1 Meu depoimento
A2 O que você está fazendo nesse lugar tão frio
A3 O que é meu é teu
A4 Teu regresso
A5 Espere
A6 Hei sol
B1 Atômico platônico
B2 Sunny
B3 eu sei viver sozinha
B4 Hey Joe
B5 E você não diz nada
B6 Caminhemos";76.jpg
77;Victor Assis Brasil;Victor Assis brasil toca Antonio Carlos Jobim;;Continental;LP;VG+/VG+;40;Brasil;1981;"Disco originalmente de 1975, onde um mestre paga tributo a outro! Ouça ""Dindi""!";"A1 Só tinha de ser com você
A2 Wave
B1 Bonita
B2 Dindi";77.jpg
78;Vital Farias;Vital Farias;;Polydor;LP;VG+/VG+;50;Brasil;1978;"Primeiro disco do paraibano, mais conhecido pela sua participação no show ""Cantoria"", com Elomar, Xangai e Geraldo Azevedo. Ouça ""Ê mãe"".";"A1 Canção em dois tempos
A2 O sobreassalto
A3 Bate com o pé xaxado
A4 Bandeira desfraldada
A5 Via crucis da mulher brasileira
A6 Alice no curral das maravilhas
B1 Deixe de afobação
B2 Expediente interno
B3 Poema verdade
B4 Caso você case
B5 Ê mãe
B6 Estudo n 22";78.jpg
79;Conjunto folclórico da Bahia;Viva a Bahia!;;Philips;LP;VG+/VG+;150;Brasil;1968;"Ótima compilação de temas folclóricos, gravado ao vivo no teatro Castro Alves de Salvador. Ouça ""Maculele"". O primeiro tema dessa faixa foi cantado também por Walter Queiroz no seu ótimo ""Filho do Povo"".";"A1 Maculele
B1 Puxada da rede do xaréu";79.jpg
80;Wanderlea;Feito gente;;Polydor;LP;VG+/VG;100;Brazuca;1975;"Lenha!! Wanderlea em um show dirigido pela grande Rosinha de Valença e uma banda infernal! Check ""Que besteira"" e ""Ginga de mandinga""";"A1 Eu nem ligo
A2 Que besteira
A3 Carne, osso e coração
A4 Ginga de mandinga
A5 Conversa mole
A6 Lua
B1 Que falem de mim 
B2 Palavras
B3 Poeira e solidão
B4 Verdes varandas
B5 Segredo
B6 Feito gente";80.jpg
81;Wando ;Gosto de maça;;Copacabana;LP;VG+/VG+;50;Brazuca;1978;"Wando no seu melhor, misturando com ritmos regionais e afrobrazucas! Ouça ""Se quiser chorar por mim"" e ""Morenô"".";"A1 Se quiser chorar por mim
A2 Quarta feira 
A3 Oi, Noé
A4 Morenô
A5 Anoiteceu
A6 Para uma pequena chamada Gabi
B1 Gosto de maça
B2 Emoções
B3 Nos olhos perdidos da noite
B4 Razões e atitudes
B5 São Paulo e essa gente tão só
B6 Gandaia";81.jpg
82;Wilson Simonal;Vou deixar cair...;;Odeon ;LP;VG+/VG;50;Brazuca;1966;"Primeiro LP de Simonal com seu melhor acompanhamento, o conjunto Som 3 de Cesar Camargo Mariano, Sabá e Toninho Pinheiro! Ouça ""Mamãe passou açúcar em mim"" e ""Sem você eu não vivo"".";"A1 Vento de maio
A2 Meu limão, meu limoeiro
A3 Carango
A4 Minha namorada
A5 Sem você eu não vivo
A6 Enxugue os olhos
B1 Maria
B2 A formiga e o elefante
B3 Mamãe passou açúcar em mim
B4 Franqueza
B5 Tem dó
B6 Samba do Mug";82.jpg
83;Zelia Barbosa;Brazil: Songs of protest;;Kindred Spirits;LP;MINT;90;Brasil;1968;"Relançamento do ótimo disco brasileiro pelos holandeses da Kindred Spirits! Check ""Pau de arara"" e ""Nega Dina"".";"A1 Opinião
A2 Funeral do lavrador
A3 Pedro pedreiro
A4 Sina de caboclo
A5 Chegança 
A6 Pau de arara
B1 Carcara
B2 Canção da terra
B3 Zelão
B4 Feio, não é bonito
B5 Cicatriz
B6 Nega Dina";83.jpg
84;Zulumbi;Zulumbi;;Somatória do barulho;LP;MINT;;Brazuca;2014;"Disco de estreia do trio do Zulumbi (formado pelo guitarrista da Nação Zumbi Lúcio Maia, o MC Rodrigo Brandão e o Dj PG)! Ouça ""Zulumbi""!";"A1 Zulumbi
A2 Cosmos conspira
A3 Todo mundo tem
A4 Wah-wah
A5 Bumaye
B1 Mensagem da tribo 
B2 Essa é pra você
B3 Sob o signo do insano 
B4 Babe vou bombar
B5 Terra deu, terra come";84.jpg
85;Thaide & Dj HUM;Pergunte a quem conhece;;Eldorado;LP;VG+/VG+;80;Brazuca;1989;"Primeiro disco de um dos grupos mais importantes do RAP nacional! Em perfeito estado, nem parece disco de RAP com 25 anos de idade! Check ""Corpo fechado"" e ""Minha mina"".";"A1 Corpo fechado
A2 Consciência
A3 Minha mina
A4 (Claudio) eu tive um sonho
B1 Coisas do amor
B2 Falsidade
B3 Final dos tempos
B4 Pobrema";85.jpg
86;Ivan Lins;Agora...;;Forma;LP;VG+/VG+;70;Brasil;1971;"Disco de estreia do internacional Ivan Lins, pelo selo cult Forma. Check ""Hei você"" e ""Madalena"", clássico de todos os tempos!";"A1 Salve, salve
A2 Agora
A3 Emy
A4 Minha história
A5 A próxima atração
A6 Novamente nós
B1 Corpo-folha
B2 O amor é o meu país
B3 Madalena
B4 Baby blue
B5 Hei, você
B6 Tanauê - ou ""se um índio fosse consumido pela civilização moderna""";86.jpg
87;Pedrinho Mattar Trio;Pedrinho Mattar Trio n 3;;Farroupilha;LP;VG+/VG;150;Brasil;1965;"Ótimo disco de bossa jazz do pianista, raridade! Ouça ""Nanã""!";"A1 Neurótico
A2 Nanã 
A3 Zero hora
A4 Inútil paisagem
A5 Samba de verão
A6 Quem é homem não chora
B1 A morte de um Deus de sal
B2 Balansamba
B3 Você
B4 Preciso aprender a ser só
B5 Pinkt
B6 Balaiubá Xango";87.jpg
88;vários;Trilha Sonora da novela O Rebu;;Som Livre;LP;VG+/VG+;300;Brasil;1974;"Trilha Sonora assinada por Raul Seixas e Paulo Coelho, raridade total! Mosca branca! Check """;"A1 Como vovó já dizia
A2 Porque
A3 Planos de papel
A4 Catherine
A5 Murungando
A6 Rebu
B1 Um som pra Laio
B2 Se o rádio não toca
B3 Água viva
B4 Tema dançante
B5 Vida a prestação
B6 Senha";88.jpg
89;Luiz Gonzaga Jr.;Plano de vôo;;EMI;LP;VG+/VG+;35;Brasil;1975;Disco do ótimo Gonzaguinha, aqui acompanhado do grupo modo livre! ;"A1 O começo da festa
A2 Tá certo, doutor
A3 Gás neon
A4 Quebra pau
A5 Assim seja, amém
A6 Suor e serragem
B1 Mundo novo, vida nova
B2 Contos de fadas
B3 Catatonia integral
B4 Niel cabeça de bola
B5 Plano de vôo
B6 Geraldinos e arquibaldos";89.jpg
90;Jorge Mautner;Bomba de estrelas;;Warner;LP;VG+/VG+;60;Brasil;1981;"Disco onde Mautner convida grandes nomes da MPB como Caetano Veloso, Gilberto Gil, Moraes Moreira e Zé Ramalho, entre outros. Ouça ""Namoro de bicicleta"" com Pepeu Gomes.";"A1 A força secreta daquela alegria
A2 Namoro astral
A3 Cidadão - Cidadã
A4 Namoro de bicicleta
A5 Samba japones
B1 Encantador de serpentes
B2 Tá na cara
B3 Vida cotidiana
B4 Negros blues
B5 Bomba de estrelas";90.jpg
91;GOG;Dia a dia da periferia;;Só balanço;LP;EX/EX;250;Brasil;1994;"GOG é um dos grandes nomes do RAP nacional de todos os tempos e esse disco prova disco! LP em perfeito estado, impecável! Check ""Assassinos sociais"".";"A1 Dia a dia da periferia
A2 O exemplo taí
A3 É mesmo incrível
B1 Assassinos sociais
B2 Vai GOG!
B3 Brasília periferia";91.jpg
92;Voz do morro, A;Roda de samba;;Musidisc;LP;VG+/VG+;50;Brasil;;Roda de bamba! Imagine Paulinho da Viola, Zé Keti, Elton Medeiros, Amescarzinho do Salgueiro, Jair do Cavaquinho e Nelson Sargento no mesmo grupo? Imaginou? Agora é só botar essa maravilha pra rodar e descobrir como foi! Reissue da gravadora Sigla.;"A1 Peço licença
A2 Intriga
A3 Mascarada
A4 Coração vulgar
A5 Conversa de malandro
A6 Pecadora
A7 Vai saudade
B1 Recado
B2 Conselho
B3 Quem vem lá
B4 Linguajar do morro
B5 A canoa virou
B6 Papel reclame
B7 Olhos de Maria";92.jpg
93;Al Campbell;Fence to Fall;Canadá press;Live & Learn;LP;EX/EX;65;reggae;1987;Reggae! Disco dos anos 80 deste grande cantor jamaicano!;"A1 Fence Too Fall
A2 Spread Your Love Around
A3 Every Man Has a Right
A4 Easy Rocker
A5 Na Leave Jamaica
B1 Take it Easy
B2 Crazy, Crazy Nigger
B3 She Like It Like That
B4 Get Physical (New Wave)
B5 I Cry";93.jpg
94;Augustus Pablo;Dubbing With the Don;UK Press;Jamaican Recordings;LP;EX/EX;65;dub;2001;Compilação reúne músicas dos anos 70 de um dos mestres do dub, Augustus Pablo. As gravações contam com outros bambas como os baixistas Robbie Shakespeare e Family Man Barret, o guitarrista China, o baterista Carlton Barret, entre outros. Patuá recomenda!;"A1 Skank on Dub
A2 Way Out Rockers
A3 Pablo's Express
A4 Pablo's Happy Feeling
A5 Soldier Man Dub
A6 Well Frozen Dub
A7 Sweet Cassava Dub
B1 Talking Dub
B2 Pablo's Connection
B3 Skanking With
Pablo
B4 Pablo's Delight
B5 Death Trap Dub
B6 Rockers Downtown
B7 New Train Dub";94.jpg
95;Barrington Levy ;Place Too Dark;EUA Press / vinil branco!;Jah Life;LP;EX/EX;60;reggae;1997;"Reedição de um raro disco do ótimo Barrington Levy, lançado originalmente nos anos 80 como ""Doh Ray Me"".";"A1 This Place is Too Dark
A2 Call You on the Phone
A3 True I Own
A4 Roof Over My Head
A5 Walk 2000 Miles (extended mix)
B1 Sister Debbie 
B2 Doe Rae Me
B3 My One and Only Lover 
B4 Butterfly
B5 Pon You Toe";95.jpg
96;Barrington Levy ;Prison Oval Rock;Canadá press;Volcano ;LP;EX/EX;65;reggae;1991;"Reedição de um disco lançado originalmente em 1985, com faixas clássicas como ""Robber Man""!";"A1 Prison Oval Rock
A2 Prison Oval Dub
A3 You Say You Love Me
A4 Good Loving
A5 Rip and Run Off
B1 Please Jah Jah 
B2 Robber Man
B3 Hammer
B4 Stray Away Girl
B5 Mary Longue Tongue";96.jpg
97;Barrington Levy ;Robin Hood;UK press;Greensleves;LP;EX/EX;60;reggae;1980;Clássico! Um dos primeiros e melhores discos deste ícone jamaicano! Patuá recomenda!;"A1 Robbin Hood
A2 Rock and Come In
A3 Love Sister Carol
A4 Gonna Tell Your Girlfriend
A5 You Come To Ask Me What is Love
B1 Why Did You Leave Me
B2 Many Changes in Life
B3 Na Broke No Fight Over No Woman
B4 When Friday Come
B5 Like How You Kiss And Caress Me";97.jpg
98;Dennis Brown;Hold Tight;UK press;Live & Learn;LP;EX/EX;60;reggae;1986;Reconhecido como dono de uma das vozes mais marcantes do reggae, Dennis Brown aparece aqui acompanhado de outras feras como Al Campbell (backing vocals) e Robbie Shakespeare (baixo).;"A1 Hold Tight
A2 Indiscipline Woman
A3 Footstool
A4 Let Him Go
B1 When Spring is Around
B2 I've Got Your Number
B3 Worried Man
B4 Things in Life";98.jpg
99;Dennis Brown;Victory is Mine;Jamaica Press;Leggo;LP;VG+/VG+;70;reggae;1991;Disco de 1991, em que o reggae de Dennis Brown já dialoga com as batidas eletrônicas. Prensado na Jamaica!;"A1 Victory is Mine
A2 Call Me
A3 We Are in Love
A4 Don't Give Up
A5 Every Day People
B1 Sea of Love
B2 Sunday Morning
B3 Should I
B4 Jah Can Do It
B5 Sad News";99.jpg
100;Dub Syndicate;Mellow & Colly;Alemanha Press;EFA;LP;VG+/VG+;55;dub;1998;Disco do Dub Syndicate, mixado pelo mestre Scientist e com várias participações pesadas: Junior Reid, Ranking Joe, Big Youth...;"A1 Lion King
A2 Patient Man
A3 Mellow and Colly
B1 God is a Man
B2 Sound Clash
B3 Jah Rasta
B4 Country Man Talk";100.jpg
101;Freddie McGregor;Big Ship;UK press;Greensleves;LP;EX/EX;55;reggae;1982;"Considerado um dos melhores discos de Freddie McGregor, ""Big Ship"" é produzido por Linval Thompson e mixado por Scientist. Patuá recomenda!";"A1 Big Ship
A2 Sweet Lady
A3 Peaceful Man
A4 Stop Loving You
A5 Get Serious
B1 Don't Play the Foool
B2 Get United
B3 Let Me Be The One
B4 Roots Man Skanking
B5 Holy Mount Zion";101.jpg
102;Gregory Issacs;Night Nurse;Jamaica Press;Tad's;LP;EX/EX;60;reggae;2008;"Disco com gravações lançadas originalmente em 1982 e as até então inéditas ""Night Nurse Dub 2"" e ""Unhappy Departure Dub"".";"A1 Night Nurse
A2 Stranger in Town
A3 Objection Overruled
A4 Hot Stepper
A5 Cool Down the Pace
A6 Material Man
B1 Not the Way
B2 Sad to Know (You're Leaving)
B3 Cool Down the Dub
B4 Cool Down the Dub 2
B5 Cool Down the Pace (10""mix)
B6 Unhappy Departure Dub";102.jpg
103;Gregory Isaacs;Easy;Jamaica Press;Tad's;LP;VG+/VG+;65;reggae;1985;"Com a cara do reggae dos anos 80, ""Easy"" mostra o peculiar timbre vocal de Gregory Isaacs envolto em uma sonoridade característica da década (com bateria eletrônica e outros recursos dos sintetizadores).";"A1 Continent Woman
A2 Don't Say No
A3 Easy
A4 Tear Drops
A5 Won't Give You Up
B1 Tenement Yard
B2 Love is Overdue
B3 A, Miner (Am)
B4 Cool Ruler Come Again
B5 Cheer Up";103.jpg
104;John Holt;Why I Care;Jamaica Press;Tuff Gong;LP;EX/EX;60;reggae;2007;Relançamento de disco de 1989. Prensado na Jamaica!;"A1 Why I Care
A2 In My Life
A3 Oh Why
A4 I've Been Waiting
B1 Young Lovers
B2 Not To Be Blamed
B3 Don't Prepare For War
B4 Visions";104.jpg
105;Johnny Osbourne;Mr. Buddy Bye;;Miles Ahead in Reggae Music;LP;EX/EX;60;dancehall;1995;Pesado! A faixa-título é um dos clássicos de dancehall! Produção de King Jammy!;"A1 Water Pumping
A2 What a La La
A3 Chopper
A4 Budy Bye
A5 Can't Leave Us Alone
A6 Trench Town School
B1 Mr. Walker
B2 Rock and Come In
B3 Rock it Tonight
B4 Folly Ranking
B5 No Ice Cream Sound
B6 Fire";105.jpg
106;Johnny Osbourne;Cool Down;Canadá Press;VP;LP;EX/EX;60;reggae;1989;Johnny Osbourne em ação! Neste disco ele flerta com o som típico do reggae nos anos 80.;"A1 I Forgot To Say I Love You Till I'm Gone
A2 Cool Down
A3 What About Me
A4 Com A Little Bit Closer
A5 Baby I Love Your Way
B1 You Sexy Thing
B2 True Confession
B3 What' Love Got To Do With It
B4 Groovy Kind of Me
B5 I'm Missing You";106.jpg
107;King Tubby;Lost Treasures;UK press;Jamaican Recordings;LP;EX/EX;65;dub;2001;Coisa fina: coleção de dubs assinados pelo pai da matéria. As faixas eram inéditas até então.;"A1 Cherry's Dub
A2 Frenemy Dub
A3 Falling For Dub
A4 Dub On The Street Again
A5 Deceiving Dub
A6 Dub Confession
B1 Release The Dub
B2 A Youthmans Dub
B3 Blessed Dub
B4 Lets Do The Dub
B5 Jumpers Dub
B6 You Have Caught The Dub";107.jpg
108;Natural Vibes;Life Hard a Yard;;Star Light;LP;EX/EX;60;reggae;1982;Grande disco de reggae, com Prince Jammy na produção e mixagem e a dupla dinâmica Sly & Robbie na contenção. Deixa cair!;"A1 Natural Vibes
A2 Reggae Singer
A3 Children Crying
A4 Dread Locks Time
A5 Liberation Song
A6 Life Hard A Yard
B1 Food For Thought
B2 Blood And Hate
B3 Rasta Man
B4 Cry Love
B5 My Woman Is Gone
B6 True True Loving";108.jpg
109;Little John ;Give The Youth a Try;;Live & Learn;LP;EX/EX;60;reggae;1983;"""Give The Youth a Try"" é mais um disco de reggae para os novos admiradores do gênero descobrir! Little John canta belamente acompanhado da banda Roots Radical Band! ";"A1 Give The Youth A Try
A2 Why Won't You Come Home
A3 The More We Are Together
A4 Tea Tar Toe
B1 I Have Got To Go
B2 Let Go Me Hand
B3 Down a Yard
B4 I Love My Mommy";109.jpg
110;Michael Prophet ;Jah Love;;Live & Learn;LP;EX/EX;65;reggae;1983;"Michael Prophet inspiradíssimo canta alguns de seus clássicos como ""Back Off"", ""2000 Years"" e ""Tonight Tonight"".";"A1 Instruction
A2 It's Time
A3 Back Off
A4 2000 Years
B1 You Been Talking
B2 I Certify
B3 Tonight, Tonight
B4 Jah Love
B5 World of Confusion";110.jpg
111;Might Diamonds;Jam Session;Canadá Press;Live & Learn;LP;EX/EX;60;reggae;1991;"O trio vocal Might Diamonds lançou seu primeiro disco em 1976 mas atravessou as décadas seguintes na ativa e segue na estrada. ""Jam Session"" é um dos seus álbuns dos anos 90.";"A1 Jam Session
A2 Is This An Illusion
A3 Jah Jah Lord
A4 Black Skin Lady
A5 A Feather In A Richman's Hat
B1 Twelve Midnight
B2 Who Told You So
B3 Got To Let You Know
B4 A Lesson We Should Learn
B5 I Miss You";111.jpg
112;Noel Phillips;Youth Man Vibations;;Shajam Music;LP;EX/EX;60;reggae;1981;Excelente disco com o cantor Noel Phillips esbanjando no gogó. Sly e Robbie na cozinha.;"A1 Youth Man
A2 Pauline
A3 Looking Someone
A4 Living in the Ghetto
A5 Jah No Dead
B1 Money Man Skank
B2 Jungle Living
B3 Love Light
B4 Be My Woman
B5 Slavery Days";112.jpg
113;Peter Tosh;Bush Doctor;Holand Press;EMI / Rolling Stones Music;LP;VG+/VG+;65;reggae;1978;"Clássico! Além da faixa-título (hino máximo pela legalização da erva), traz as participações de Mick Jagger e Keith Richards em ""(You Gotta Walk) Don't Look Back"".";"A1 (You Gotta Walk) Don't Look Back
A2 Pick Myself Up
A3 I'm The Toughest
A4 Soon Come
A5 ""Moses"" - The Prophet
B1 Bush Doctor
B2 Stand Firm
B3 Dem Ha Fe Get A Reatin
B4 Creation";113.jpg
114;Revolutionaries;Revolutionaries;;Channel One;LP;VG+/VG+;55;reggae;;"Discaço de reggae instrumental da banda que conta com músicos como Tommy McCook no sax tenor, Sly Dunbar na bateria e Robbie Shakespeare no baixo. A faixa ""Angola"" traz sopros que fazem referência à melodia de ""Norwegian Wood"" (Beatles). Patuá recomenda! ";"A1 M.P.L.A.
A2 Earthquake
A3 Why War
A4 Leftist
A5 Sudden Attack
B1 Angola
B2 P.L.A.
B3 I Need A Roof
B4 A.N.C.
B5 Right In Ah It";114.jpg
115;Scientist & Mad Professor;Scientist Meets The Crazy Mad Professor;UK Press;Jamaican Recordings;LP;EX/EX;60;dub;2011;"Duelo de gigantes! Scientist e Mad Professor produzem dubs a partir de hits jamaicanos como ""You Are My Angel"" (Horace Andy) e ""Big Ship"" (Freddie McGregor). Fino!";"A1 Everlove Dub
A2 Earths Rightful Ruller
A3 Can't Keep Love Down
A4 Solve It Dub
A5 Rush Dem Dub
A6 Enjoyment Dub
A7 Goodtime
A8 Come in Dub
B1 Real Dancehall Dub
B2 Cutting Edge Dub
B3 Wondering Drifter Dub
B4 Sailors Dub
B5 Wise Dancehall Dub
B6 Send Them Dub
B7 Leggo Badness
B8 Groovin Dub";115.jpg
116;Scientist ;Scientist at the Controls of Dub - Rare Dubs 1979 - 1980;UK Press;Jamaican Recordings;LP;EX/EX;60;dub;2008;Para ouvir e voar no transe jamaicano: compilação de dubs de um especialista no assunto, o produtor Scientist, para faixas conhecidas nas vozes de Triston Palma, Dennis Brown, entre outros. ;"A1 Mr Babylon Dub
A2 Never Trouble Dub
A3 Light And Dub
A4 Time And Place For Dub
A5 Wah Dah Dub
A6 The Greatest Dub
A7 Mr Landlord
B1 Stop Spreading Dub
B2 Bad Boy Dub
B3 Bad Posse Dub
B4 Undying Dub
B5 Joker Dub
B6 Eveready Dub
B7 Heavenless Dub";116.jpg
117;Tapper Zukie;MPLA;EUA press;Virgin ;LP;VG/VG;60;reggae;2001;Relançamento de disco de 1978, considerado um dos melhores do jamaicano Tapper Zukie.;"A1 Pick Up the Rockers
A2 M.P.L.A
A3 Don't Get Crazy
A4 Go De Natty
A5 Stop the Gun Shooting
B1 Ital Pot
B2 Marcus
B3 Chalice To Chalice
B4 Don't Deal With Babylon
B5 Freedom";117.jpg
118;Triston Palma;Joker Lover;Canadá Press;Jet Star;LP;EX/EX;55;reggae;2011;"Lançado originalmente em 1982, ""Joker Lover"" é um dos grandes discos do jamaicano Triston Palma.";"A1 Rub-A-Dub Session
A2 She Only Love Me For My Money
A3 Joker Lover
A4 Woman Go Home
A5 The More We Are Together
B1 All My Tears Keep Falling
B2 Face Struggle
B3 Crazy Woman
B4 Jail House
B5 Your Friends";118.jpg
119;Triston Palma;Joker Smoker;UK Press;Greensleeves;LP;EX/EX;60;reggae;1982;A faixa-título é mais uma canção jamaicana de exaltação ao consumo da erva e todo o álbum bate em cheio no peito, nos ouvidos e na mente. Patuá recomenda!;"A1 Innocent Man
A2 Babylon
A3 Give Me Give Me Your Love
A4 Lonely Man
A5 Got To Praise Jah Jah
B1 Joker Smoker
B2 Babylon
B3 Give Me Give Me Your Love
B4 Lonely Man
B5 Got To Praise Jah Jah";119.jpg
120;Wailing Souls;Inchpinchers;UK Press;Greensleeves;LP;EX/EX;60;reggae;1983;"Grande disco de uma grande banda jamaicana: ""Inchpinchers"" é um item básico para uma rigorosa coleção de reggae!";"A1 Inchpinchers
A2 Mass Charley Ground
A3 Tom Sprang
A4 Don't Get Lost
A5 Baby Come Rock
B1 Things And Time
B2 Modern Slavery
B3 Ghetto of Kingston Town
B4 Oh What A Lie
B5 Infidels";120.jpg
121;Wayne Jarret;Chipin;UK Press;Greensleeves;LP;EX/EX;60;reggae;1982;"Wayne Jarret é um dos cantores jamaicanos influenciados por Horace Andy (uma referência vocal na ilha) e, embora se pareça realmente muito tanto no timbre como no estilo, tem uma personalidade musical forte. ""Chipin"" é um de seus melhores discos.";"A1 Love In Mi Heart
A2 Skank And Come In
A3 True Love
A4 Ranny And Lou
A5 Got To Be Sure
B1 Chip In
B2 Jah Jah I
B3 Why Must Babylon
B4 Saturday Night Jamboree
B5 Money Problems";121.jpg
122;Wayne Jarret;What's Wrong With The Youths;EUA Press;Jah Life;LP;EX/EX;65;reggae;;"Parece Horace Andy, mas não é: Wayne Jarret é fortemente influenciado pelo outro cantor jamaicano e também deixou sua marca na história do reggae. Neste álbum, consta grandes gravações como ""Rockers"" (riddim de ""Feel Like Jumping"", de Marcia Griffiths)! Patuá recomenda!";"A1 Saturday Night Jamboree
A2 My Baby is Gone
A3 In The Ghetto
A4 Rockers
A5 Thanks And Praise
B1 What's Wrong With The Youths
B2 Choice Of My Own
B3 Be Sure Of Your Brethren
B4 Dreadlocks Postman
B5 Live Up";122.jpg
123;Alvin Ranglin;Roots Man Dub;EUA press;GG's;2 LP;EX/EX;80;dub;2007;Reedição de um álbum de dubs do produtor Alvin Ranglin lançado em 1978 a partir de faixas de artistas como Maytones, Starlights e Al Brown. O disco 2 traz faixas inéditas até então.;"A1 Black Star Dub
A2 Roots Man Dub
A3 Runway Dub
A4 Iron Gate
A5 Rockers Dub
A6 Dub On The Track
A7 Macabak Rock
B1 Ital Collie
B2 Herb Man Skank
B3 Heartical Dub
B4 Let Dub Abide
B5 Loving Dub
B6 Over Africa
B7 Dub Again Rasta
B8 Mad Dub
C1 Let Me Dub
C2 Midnight Dub
C3 Don't Worry Dub
C4 Rock My Dub
C5 Get Your Dubbing
C6 Tell Me The Dub
C7 See Me Dub
D1 No Yo Yo Dub
D2 You Want a Dub
D3 A Warning Dub
D4 Run Come Dub
D5 Each Day Dub
D6 Soulful Dub
D7 Stand By Dub";123.jpg
124;Tony Allen & Africa 70;Progress;reissue;Kindred Spirits;LP;MINT;90;afrobeat;2011 (1977);"Com produção de Fela Kuti, ""Progress"" é mais um disco inspirado do baterista Tony Allen da fase anos 70. A faixa-título é um afrobeat clássico, que mostra a versatilidade do músico que inventou os padrões ritmícos do gênero.";"A1 Progress
B1 Afro-Disco-Beat";124.jpg
125;Tony Allen & Africa 70;Jealousy;reissue;Kindred Spirits;LP;MINT;90;afrobeat;2011 (1975);Primeiro disco solo do co-fundador do afrobeat (Tony Allen), tem produção assinada pelo principal artista do gênero (seu parceiro Fela Kuti). Patuá recomenda esta joia do melhor groove nigeriano!;"A1 Jealousy
B1 Hustler";125.jpg
126;Tony Allen & Africa 70;No Discrimination;reissue;Kindred Spirits;LP;MINT;90;afrobeat;2011 (1979);"Item básico para qualquer coleção de afrobeat, ""No Discrimination"" reúne quatro faixas com Tony Allen em plena forma. Além do baterista, outro músico lendário da banda Africa 70 participa da gravação: o saxofonista Lekan Animashaun.";"A1 No Discrimination
A2 Road Safety
B1 Ariya
B2 Love Is A Natural Thing";126.jpg
127;Fela Anikulapo Kuti;Teacher Don't Teach Me Nonsense;;Knitting Factory;LP;MINT;90;afrobeat;1986 (2014);"Lançado em 1986, este disco traz Fela em sua fase ""Anikulapo"" e com um som diferente em relação ao dos anos 70. Ainda é afrobeat, claro, mas com arranjos e melodias menos ferozes e a banda modificada (na bateria, por exemplo, Atiba Tiamiyu e Ijagun Benjy Ola ocupam o lugar que era de Tony Allen. Grande disco!";"A1 Teacher Don't Teach Me Nonsense
B1 Look and Laught";127.jpg
128;Fela Ransome Kuti and Africa 70;Confusion;;Knitting Factory;LP;MINT;90;afrobeat;1974 (2014);"""Confusion"" é um dos muitos discos lançados por Fela nos anos 70 e, embora não esteja entre os mais clássicos, merece sua atenção! É um disco de uma faixa só, algo comum na discografia do nigeriano, com a mesma música dividida em duas partes nos lados A e B do LP.";"A1 Confusion (parte 1)
A2 Confusion (parte 2)";128.jpg
129;Fela Ransome Kuti and Africa 70;Expensive Shit;;Knitting Factory;LP;MINT;90;afrobeat;1975 (2014);"Escolher um só disco entre os mais de 70 lançados por Fela Kuti é impossível. ""Expensive Shit"", no entanto, poderia tranquilamente estar em um top 5. Além de toda a fúria em forma de groove da faixa-título, o lado B nos presenteia com uma de suas grandes composições: o afro-jazz-soul ""Water No Get Enemy"". Discoteca básica!";"A1 Expensive Shit
B1 Water No Get Enemy";129.jpg
130;Fela Ransome Kuti e Ginger Baker;Live;prensagem original dos EUA!;Celluloid / EMI;LP;EX/VG;200;afrobeat;1971;Wow! Relíquia! Cópia original (EUA, 1971) em bom estado do disco que registra um dos encontros mais memoráveis da história da música: Fela Kuti (inventor do afrobeat) e Ginger Baker (um dos maiores bateristas da história do rock). Coisa linda!;"A1 Let's Start
A2 Black Man's Cry
B1 Ye Ye De Smell
B2 Egbe Mi O";130.jpg
131;William Onyeabor;Good Name;reedição;Luaka Bop;"12""";EX/EX;90;afro-funk;1983 (2014);Reedição de um single 12 polegadas do nigeriano William Onyeabor, que desde os anos 70 fazia experimentos com sintetizadores que deixaram roqueiros moderninhos boquiabertos recentemente. Não se deixe enganar pela capa: a arte sugere aquelas típicas marcas deixadas pelo tempo, mas o disco é novíssimo! Patuá recomenda!;"A1 Let's Fall In Love
B1 Good Name";131.jpg
132;Orchestre Poly-Rythmo de Cotonou;Cotonou Club;Alemanha press;Strut;2 LP;MINT;80;afro-funk;2011;"Primeiro disco da lendária Orchestre Poly-Rythmo de Cotonou (banda de Benin que fez história e lançou algumas dezenas de discos nos anos 70) após a redescoberta de sua música na Europa e nos EUA nos anos 2000. Esse álbum duplo traz a regravação de alguns de seus clássicos (como ""Ne Te Fâche Pas"") e uma faixa com a participação de Paul Thompson e Nick McCarthy, do Franz Ferdinand (""Lion is Burning""). ";"A1 Ne Te Fâche Pas
A2 Holonon
A3 Von Vo Nono
B1 Gbeti Madjro (com Angélique Kidjo)
B2 Ocè
B3 Koumi Dédé
C1 Pardon
C2 C'est Lui Ou C'est Moi (com Fatoumata Diawara)
C3 Ma Vie
D1 Lion Is Burning
D2 Tegbé";132.jpg
133;Ebo Taylor;Appia Kwa Bridge;EUA press / cópia autografada!;Strut;2 LP;EX/EX;150;afro-funk;2012;Último disco do sensacional Ebo Taylor, lenda viva de Gana que fez história nos anos 70 com excelentes discos que misturavam highlife, afro-funk e afrobeat. Este álbum é igualmente poderoso, com grandes composições e participações dos nigerianos Tony Allen (bateria), Pax Nicholas (maracas) e Oghene Kologbo (baixo e guitarra) --  os três ex-integrantes da banda de Fela Kuti. A rapaziada das bandas de groove alemão como Whitefield Brothes e Poets of Rhythm engrossam o caldo do som! Detalhe: essa cópia é autografada por Ebo Taylor! Patuá recomenda!;"A1 Ayesama
A2 Nsu Na Kwan
B1 Abonsam
B2 Yaa Amponsah
C1 Assomdwee
C2 Kruman Dey
D1 Appia Kwa Bridge
D2 Barrima";133.jpg
134;Orchestre Poly-Rythmo de Cotonou;Orchestre Poly-Rythmo de Cotonou;;Goma-Gringa;LP;MINT;90;afro-funk;2014;"Compilação nota 10 do selo Goma-Gringa (Brasil!) com oito faixas da Orchestre Poly-Rythmo de Cotonou (Benin). ""Iya Me Dji Ki Bi"" é um afro-funk para fazer estrago em qualquer boa pista de dança! Pra melhorar, as capas foram impressas no capricho em serigrafia! Coisa fina! ";"A1 Mede Ma Gnin Messe
A2 Iya Me Dji Ki Bi Ni
A3 Assibabi
A4 Sê Tchê Wê Djô Mon
A5 Zizi
B1 Djanfa Magni
B2 Adjro Mi
B3 Ecoute Ma Mélodie";134.jpg
135;Orchestre Poly-Rythmo de Cotonou;;original / Nigéria;Albarika Store;LP;G-/VG+;800;afro-funk;1983;"Coisa finíssima para colecionadores de música africana: cópia nigeriana original e autografada por três integrantes da entidade beninense Orchestre Poly-Rythmo de Cotonou, que já começa com uma pedrada afro-funk -- ""Gebti Madjro"" (cantada com gritos ""a la James Brown"")! Raridade pesadíssima!";"A1 Gbeti Madjro
A2 Koutche Kposo
A3 Les Djos
A4 Media
A5 Minsatole Mi Dayi Homin
A6 Djoyimavo
B1 Mi Kpon Bodo
B2 Gbemi Na Gbe
B3 Zizi
B4 Wodeka Roe
B5 Avoun Doupoume Douapa
B6 Angelina (2)";135.jpg
136;Orchestre Poly-Rythmo de Cotonou;Special Festac 77;original / Nigéria;Albarika Store;LP;VG+/VG+;150;afro-funk;1977;Cópia nigeriana original de disco lançado pela Orchestre Poly-Rhytmo de Cotonou, que celebra o Festac 77 (evento musical histórico, que aconteceu em Lagos, no ano de 1977). Quente!;"A1 Special Festac 77
A2 Special Festac 77";136.jpg
137;Afro Super-Feelings Led By Segun Okeji;I Like Woman;reedição / França press;Soul Patrol Records;LP;NM/NM;90;afrobeat;;Afrobeat pesado, no estilo de Fela Kuti, com beat acelerado e somente uma faixa de longa duração de cada lado do disco. Patuá recomenda!;"A1 I Like Woman
B1 Afro Super-Feelings In Disco";137.jpg
138;Freedom Family;Ayentsoo;reedição / EUA press;Academy LPs / Voodoo Funk;LP;NM/NM;90;afro-funk;1974 (2014);Ótimo disco de afro-funk lançado em parceria pelos selos Academy LPs e Voodoo Funk, especializados em redescobrir joias esquecidas da música africana. Inclui encarte de oito páginas com fotos e a história da banda (em inglês).;"A1 Lala L  I (Happy Song)
A2 Life
A3 Holy Worshipping
A4 Good Times
B1 Ayentsoo
B2 Love Affair
B3 Yensuro (No Fears)
B4 Lover's Garden
B5 The Last Thing";138.jpg
139;Seun Kuti;A Long Way To The Beginning;EUA press;Knitting Factory;LP;MINT;90;afrobeat;2014;Lançado em 2014, Seun Kuti traz o afrobeat do pai (Fela Kuti) para o presente com músicas mais curtas mas a mesma intensidade. A banda que o acompanha é a Egypt 80, a última banda de Fela.;"A1 IMF
A2 African Airway
A3 Higher Consciousness
A4 Ohum Aye
B1 Kalakuta Boy
B2 African Smoke
B3 Black Woman";139.jpg
140;Tlahoun Gèssèssè;Ethiopian Urban Modern Music Vol. 4 ;França press;L'arôme;LP;NM/NM;90;ethio-jazz;;Mais um volume da incrível série que compila joias da música etíope dos anos 60 e 70. Mulatu Astatke é arranjador de 5 faixas neste álbum do cantor Tlahoun Gèssèssè. Patuá recomenda!;"A1 Alègntayé
A2 Kulun Mankalèsh (70)
A3 Aykèdashem Iebé
A4 Bèyèt Nèw Mèngèdu
A5 Ené Nègn Wèy Antchi
B1 Yèné Felagoté
B2 Tezalègn Yètentu
B3 Tchuhetén Betsèmu
B4 Lantchi Biyé
B5 Kulun Mankalèsh (73)";140.jpg
141;Salah Ragab and The Cairo Jazz Band;Present Egyptian Jazz;EUA press;Art Yard / Kindred Spirts;LP;MINT;90;jazz;2009;"Jazz do egito! Recomendadíssimo! Salah Ragab foi o responsável por formar a primeira big band do gênero no país e chegou a gravar com Sun Ra! A faixa ""Egypt Strut"" é uma pancada, mas o disco inteiro fascina!";"A1 Ramadam In Space Time
A2 Dawn
A3 Neveen
B1 Egypt Strut
B2 Oriental Mood
B3 Kleopatra
B4 Mervat";141.jpg
142;Amadou Balake;Bar Konon Mousso Bar;importado;Kindred Spirits;LP;MINT;90;afro-funk;2014;"Mais um relançamento importante no movimento de redescoberta do groove africano dos anos 70: ""Bar Konon Mousso Bar"" é de 1978 e apresenta a força de Amadou Balaké -- um dos prinicipais nomes da cena funk de Burkina Fasso! Essencial!";"A1 Super Bar Konon Mousso
A2 Tondibama
A3 Nabacouboury
B1 Dounignamou
B2 Aminata Du The
B3 Balake Ya Mariama";142.jpg
143;Art Ensemble of Chicago;Nice Guys;EUA press;ECM;LP;VG+/VG+;80;jazz;1979;Um dos mais importantes discos desta entidade do free jazz!;"A1 Ja
A2 Nice Guys
A3 Folkus
B1 597-59
B2 CYP
B3 Dreaming of the Master";143.jpg
144;Arthu Blythe;Lennox Avenue Breakdown;UK Press;CBS;LP;VG+/VG+;70;jazz;1979;Esse é um dos discos que a gente mais gosta de ouvir na loja! Jazz com muito suingue, Jack DeJohnette inspiradíssimo na bateria e Arthur Blythe explorando as possibilidades do sax. Fora a capa, né?;"A1 Down San Diego Way
A2 Lenox Avenue Breakdown
B1 Slidin' Through
B2 Odessa";144.jpg
145;Cannonball Adderley Sextet;In New York;EUA press;Riverside;LP;VG+/VG+;80;jazz;1962;"Recém-saído da banda de Miles Davis, o saxofonista reúne um timaço nesse disco ao vivo: o brother Nat Adderley na corneta; Yussef Lateef no sax, na flauta e no oboé; Louis Hayes na bateria; Joe Zawinul no piano e Sam Jones no baixo. Não tem como ficar ruim!";"A1 Intro
A2 Gemini
A3 Planet Earth
B1 Dizzy's Business
B2 Syn-Anthesia
B3 Scotch and Water
B4 Cannon's Theme";145.jpg
146;Chales Mingus;Mingus Mingus Mingus Mingus Mingus;;Polydor;LP;VG/VG;50;jazz;;"Edição nacional de um dos grandes discos de Charles Mingus! ""IIB.S."" e ""Hora Decabitus"" são exemplos da exuberância do baixista como compositor de temas mais pulsantes e a balada ""Theme For Lester Young"" é um daqueles momentos em que o jazz alcança o sublime!";"A1 II B.S.
A2 I X Love
A3 Celia
A4 Mood Indigo
B1 Better Get It In Your Soul
B2 Theme For Lester Young
B3 Hora Decabitus";146.jpg
147;Charles Mingus;Pithycan Thropus Erectus;;Imagem Jazz;LP;VG/VG;50;jazz;1982;Mingus no auge em gravação de 1970! Nem pense duas vezes, esse você precisa ter em casa! ;"A1 Pithycanthropus Erectus
B1 Peggy's Blues Skylight
B2 Love is a Dangerous Necessity";147.jpg
148;Charles Mingus;Mingus;EUA press;Prestige;2 LP;VG/VG+;100;jazz;;"Este álbum duplo reúne dois discos do baixista Charles Mingus: ""Chazz"" e ""Mingus Quartet Plus Max Roach"". Aula de jazz!";"A1 Jump Monk
A2 Serenade in Blue
A3 Percussion Discussion
B1 Work Song
B2 Septemberly
B3 All Things You Can C Sharp
C1 Foggy Day
C2 Drums
C3 Haitian Fight Song
C4 Ladybird
D1 I'll Remember April
D2 Love Chant";148.jpg
149;Donald Byrd;Black Byrd;EUA press;Blue Note;LP;VG/VG+;80;jazz;1973;Discaço! Este é um dos títulos que define o soul-jazz associado à Blue Note! Patuá recomenda!;"A1 Flight Time
A2 Black Byrd
A3 Love's So Far Away
B1 Mr. Thomas
B2 Sky High
B3 Slop Jar Blues
B4 Where Are We Going?";149.jpg
150;Freddie Hubbard;Sky Dive;;CTI / One Way;LP gatefold;VG/VG+;50;jazz;1973;Freddie Hubbard e seu trompete muitíssimo bem acompanhados de: Ron Carter (baixo), Billy Cobham (bateria), George Benson (guitarra), Keith Jarret (piano), Ray Barreto (percussão), Airto Moreira (percussão) e Hubert Laws (flauta)! Fino!;"A1 Povo
A2 In a Mist
A3 The Godfather
A4 Sky Dive";150.jpg
151;Freddie Hubbard;Backlash;EUA press;Atlantic;LP gatefold;VG+/VG+;80;jazz;1967;"Esse é um dos discos que a gente se esforça em sempre ter na loja (não só para vender, mas pra gente ouvir enquanto trabalha, hehehe). Soul-jazz de primeira! ""Backlash"" e ""The Return of Prodigal Son"" são músicas pra tocar em festa! Bom do começo ao fim! Patuá recomenda!";"A1 Backlash
A2 The Return of the Prodigal Son
A3 Little Sunflower
B1 On The Que-tee
B2 Up Jumped Spring
B3 Echoes of Blues";151.jpg
152;Grant Green;Alive!;EUA press;Blue Note;LP;VG/VG+;90;jazz;1970;"Discaço! ""Sookie Sookie"" é som de pista (aquela que o US3 sampleou...)! Ainda tem uma versão pesada de ""Let The Music Take Your Mind"", do Kool and Gang!";"A1 Let The Music Take Your Mind
A2 Time To Remember
A3 Sookie Sookie
A4 Down Here on the Ground";152.jpg
153;Herbie Hancock;Fat Albert Rotunda;EUA press;Warner;LP;VG+/VG+;80;jazz;;"Herbie Hancock em sua melhor forma! Grande disco de groove, que já começa com o jazz-funk pesado ""Wiggle-Waggle"" e mantém o nível até o fim! Essencial!";"A1 Wiggle-Waggle
A2 Fat Mamma
A3 Tell Me a Bedtime Story
A4 Oh! Oh! Here He Comes
B1 Jessica
B2 Fat Albert Rotunda
B3 Lil' Brother";153.jpg
154;Herbie Hancock;The Prisioner;EUA press;Blue Note;LP;VG+/VG+;75;jazz;1987;Reedição deste clássico de 1969, mais um entre tantos momentos inspiradíssimos do pianista Herbie Hancock. Banda afiadíssima com Joe Henderson (sax), Hubert Laws (flauta), entre outros!;"A1 I Have a Dream
A2 The Prisoner
B1 Firewater
B2 The Who Lives in Fear
B3 Promisse of the Sun";154.jpg
155;Herbie Hancock;Maiden Voyage;EUA press;Blue Note;LP;NM/NM;70;jazz;;"Reedição praticamente zerada desta joia. A faixa-título está entre os momentos mais sublimes de Herbie Hancock como compositor. E a banda? Tony Willians na bateria, Ron Carter no baixo, Freddie Hubbard no trompete e George Coleman no sax! Não por acaso, Miles Davis ""roubaria"" parte desse time pra tocar com ele alguns anos depois...";"A1 Maiden Voyage
A2 The Eye of Hurricane
A3 Little One
B1 Survival of the Fittest
B2 Dolphin Dance";155.jpg
156;Leon Thomas;Anthology;UK press;Soul Brothers;2 LP;EX/EX;120;jazz;1998;"Compilação nota 10 da obra deste cantor, conhecido pelas participações nos discos de Pharoah Sanders. Fora a impressionante voz do homem, são de chorar as versões com letra para temas jazzísticos originalmente instrumentias como ""Song For My Father"" (Horace Silver) e ""Bags Groove"" (Milt Jackson)! Patuá recomenda!";"A1 Prince of Peace
A2 The Creator Has a Master Plan (Peace)
A3 Song For My Father
B1 Bag's Groove
B2 C.C. Rider
B3 China Doll
B4 Just In Time To See The Sun
C1 Shape Your Mind To Die
C2 It's My Life I'm Fighting For
D1 Balance of Life (Peace of Mind)
D2 Little Flower
D3 Sun Song";156.jpg
157;Lou Donaldson;Here It's;EUA press;Blue Note;LP;VG/VG+;80;jazz;;"Um original da Blue Note sempre causa uma coceira, né? Aqui, Lou Donaldson coloca seu sax a serviço do soul-jazz tão propagado pela gravadora e na companhia luxuosa de Grant Green (guitarra), ""Baby Face"" Willete (orgão) e Dave Bailey (bateria). ";"A1 A Foggy Day
A2 Here It's
A3 Cool Blues
B1 Watusi Jump
B2 Walk Widme";157.jpg
158;Nina Simone;Sings Billie Holiday;;Stroud;LP;VG/VG;30;jazz;1972;"Nina Simone cantando Billie Holiday? Uma diva se debruçando sobre o repertório da outra e oferecendo versões tão arrebatadoras quanto às originais para canções como ""Strange Fruit"" e ""Don't Explain"". Fino!";"A1 Tell Me More & More & Then Same
A2 This Year's Kisses
A3 Strange Fruit
A4 Fine & Mellow
B1 Don't Explain
B2 Just in Time
B3 Pigfoot and a Bottle of Beer
B4 Love Me or Leave Me";158.jpg
159;Pharoah Sanders;Karma;EUA Press;Impulse!;LP gatefold;VG+/VG+;220;jazz;1969;"Pesado! Um dos momentos mais inspirados do saxofonista ""Pharoah Sanders"", com a faixa ""The Creator Has a Master Plan"" fazendo um intenso tributo a ""A Love Supreme"" (de John Coltrane) -- a linha de baixo com apenas quatro notas é a mesma, inclusive. E o disco é original da Impulse!. Patuá Recomenda!";"A1 The Creator Has a Master Plan
B1 Light of Love
B2 Colors";159.jpg
160;Quartette Trés Bien;Stepping Out!;EUA Press;Decca;LP;VG/VG+;150;jazz;;"Formado por Jeter Thompson (piano), Richard Simmons (baixo), Albert St. James (bateria) e Percy James (bongôs e congas), o Quartette Trés Bien dispensa sopros para fazer um jazz pulsante com versões de canções como ""Summertime"", ""A Taste of Honey"" e até ""Brazil"" (de Ary Barroso). Disco original da Decca, bem raro!";"A1 Watusi Warrior
A2 Summertime
A3 Stay, My Love
A4 A Taste Of Honey
B1 More
B2 Sheryl Likes Bananas
B3 Brazil";160.jpg
161;Quincy Jones;Quincy's Got A Brand New Bag;EUA Press;Mercury;LP;VG/VG;100;jazz;;"Tio Quincy caindo no funk! Disco excelente, em que o músico e produtor presta tributo a James Brown regravando dois de seus clássicos (""I Got You (I Feel Good) e ""Papa's Got a Brand New Bag"") e outros hits de baile (como ""Ain't That Peculiar"", ""Hang On Sloopy"" e ""Fever""). Um certo Ray Charles participa das gravações tocando piano e ainda assina o texto da contracapa!";"A1 Ain't That Peculiar
A2 I Got You (I Feel Good)
A3 I Hear Simphony
A4 A Lover's Concerto
A5 Baby Cakes
A6 Mohair Sam
B1 Something About You
B2 Boss Bird
B3 Hang on Sloopy
B4 Fever
B5 Harlem Nocturne
B6 Papa's Got a Brand New Bag";161.jpg
162;Ramsey Lewis Trio;The In Crowd;EUA Press;Cadet;LP;VG/VG;70;jazz;;"Grande disco! Disco gravado ao vivo com piano (Ramsey Lewis), baixo (Eldee Young) e bateria (Issac ""Red"" Holt). A faixa-título é pra tocar nas pistas!";"A1 The ""In"" Crowd
A2 Since I Feel For You
A3 Tennessee Waltz
A4 You Been Talkin' 'Bout Me Baby
B1 Spartacus (Love Theme From)
B2 Felicidade
B3 Come Sunday";162.jpg
163;Ramsey Lewis Trio;Another Voyage;EUA Press;Cadet;LP;NM/NM;90;jazz;;"Relançamento deste clássico da Cadet, de 1969. O pianista Ramsey Lewis esbanja suingue acompanhado de Maurice White (bateria e percussão) e Cleveland Eston (baixo). ""Do What You Wanna"" é som de pista.";"A1 If You've Got It Flaunt It (part 1)
A2 Wanderin' Rose
A3 How Beautiful is Spring
A4 Do What You Wanna
A5 My Cherrie Amour
B1 Bold And Black
B2 Opus #5
B3 Uhuru
B4 Cecile
B5 If You've Got It Flaunt It (part 2)";163.jpg
164;Sun Ra;Sound Sun Pleasure!!;EUA Press;Saturn;LP;MINT;90;jazz;;"Reedição de álbum lançado originalmente em 1970! Sun Ra e sua Astro-Infinity Arkestra dão um toque de psicodelia ao jazz, com direito a uma versão subversiva do standard ""'Round Midnight"". ";"A1 'Round Midnight
A2 You Never Told Me That You Care
A3 Hour of Painting
B1 Back in Your Own Back Yard
B2 Enlightenment
B3 'Could Have Danced All Night";164.jpg
165;Sun Ra;When Sun Comes Out;EUA Press;Saturn;LP;NM/NM;80;jazz;;Lançado originalmente em 1963, este é um dos álbuns gravados por Sun Ra depois de se mudar com sua banda de Chicago para Nova Iorque. É um dos discos focados nos contrapontos entre sopros e percussão.;"A1 Circe
A2 The Nile
A3 Brazilian Sun
A4 We Travel The Spaceways
B1 Calling Planet Earth
B2 Dancing Shadows
B3 The Rain-Maker
B4 When Sun Comes Out";165.jpg
166;Al Green;Tokyo Live;EUA Press;Motown;2 LP;VG/VG;70;soul;1981;"Disco ao vivo de um dos maiores cantores de soul, com uma enxurrada de clássicos: ""Let's Stay Together"", ""Sha-La-La (Make Me Happy)"", ""Love And Hapiness""...";"A1 L-O-V-E
A2 Tired of Being Alone
A3 Let's Stay Together
A4 How Can You Mend a Broken Heart
A5 All-N-All
B1 Belle
B2 Sha-La-La (Make Me Happy)
B3 Let's Get Married
C1 God Blessed Our Home
C2 You Ought To Be With Me
C3 For The Good Time
D1 Dream
D2 I Feel Good
D3 Love And Hapiness";166.jpg
167;Antibalas;Antibalas;EUA Press;Daptone;LP;MINT;85;afrobeat;2012;"Sexto álbum do Antibalas, uma das bandas norte-americanas responsáveis pela redescoberta do afrobeat nos anos 2000. ""Dirty Money"" é uma pancada!";"A1 Dirty Money
A2 The Rat Catcher
A3 Him Belly No Go Sweet
B1 Ari Degbe
B2 Ìbéjì
B3 Sáré Kon Kon";167.jpg
168;Aretha Franklin;Spirit in the Dark;EUA Press;4 Men With Beards;LP;NM/NM;90;soul;2002;"Aretha! Relançamento de disco lançado originalmente em 1970, com a cantora e compositora em um de seus melhores momentos. Ouça ""Don't Play That Song""!";"A1 Don't Play That Song
A2 The Thrill is Gone (From Yesterday's Kiss)
A3 Pullin'
A4 You And Me
A5 Honest I Do
A6 Spirit it the Dark
B1 When The Battle Is Over
B2 One Way Ticket
B3 Try Matty's
B4 That's All I Want From You
B5 Oh No Not My Baby
B6 Why I Sing The Blues";168.jpg
169;Bobby Byrd;I Need Help;EUA Press;Polydor;LP;EX/VG+;70;funk;;"Aula de funk com titio Bobby Byrd, graduado com louvor na escola de James Brown! ""I'm Not To Blame"" foi sampleada pelo Jay-Z. Discaço!";"A1 I Need Help (I Can't Do It Alone) Part 1
A2 I Need Help (I Can't Do It Alone) Part 2
A3 It's I Who Love You (Not Him Anymore)
A4 Funky Soul Part 1
A5 I Found Out
A6 You've Got To Change Your Mind
B1 You Got To Have a Job (If You Don't Work You Can't Eat)
B2 I'm Not Blame
B3 I'll Lose My Mind
B4 My Concerto
B5 Hang Ups We Don't Need (The Hungry We Got To Feed)
B6 You Gave My Heart Song a Song";169.jpg
170;B.T. Express;Do It 'Til You're Satisfied;UK Press;Pye;LP;VG+/VG;70;funk;1974;A faixa-título é um clássico das pistas de dança e o disco inteiro é um convite ao baile!;;170.jpg
171;Calypso King & The Soul Investigators;Soul Strike!;EUA Press;Soul Fire;LP;EX/EX;80;funk;2001;Banda formada em 1998 em Helsinki (Filnlândia), segue a cartilha funk de bandas como JB's e The Meters! Patuá recomenda!;"A1 Gator Funk Part 1
A2 Ma-Gee
A3 Mo'Calypso Strut
A4 Some Funk
A5 Raw Grapes
A6 Investigator's Groove
B1 Strunggling My Way
B2 Brand New Potatoes
B3 Ahh Soul!
B4 Soul Strike
B5 Chick Beas
B6 Ci-Ka-Boo";171.jpg
172;Commodores;Machine Gun;EUA Press;Motown;LP;VG+/VG+;60;funk;1974;Primeiro e um dos melhores discos da banda que revelou Lionel Richie! Funk de altíssimo nível!;"A1 Machine Gun
A2 Young Girls Are My Weakness
A3 I Feel Sanctified
A4 The Bump
A5 Rapid Fire
B1 The Assembly Line
B2 The Zoo (The Human Zoo)
B3 Gonna Blow Your Mind
B4 There's A Song in My Heart
B5 Superman";172.jpg
173;Curtis Mayfield;Give Get Take And  Have;EUA Press;Curtom / Warner;LP;VG+/VG+;80;soul;1976;Décimo disco solo da carreira de Curtis Mayfield, dono de um dos falsetes mais elegantes e inconfudíveis do soul. Mais romântico do que engajado em relação aos trabalhos anteriores dele.;"A1 In Your Arms Again (Shake It)
A2 This Love is Sweet
A3 P.S. I Love You
A4 Party Night
B1 Get a Little Bit (Give, Get, Take and Have)
B2 Soul Music
B3 Only You Babe
B4 Mr. Welfare Man";173.jpg
174;Ester Phillips;Black-Eyed Blues;EUA Press;Kudu / CTI;LP;VG/VG+;60;soul;1973;"Disco da ótima cantora Esther Philips pela Kudu, com participação do baixista Ron Carter em ""I Got It Bad"" e uma grande versão para ""Justified"" (Bill Whiters).";"A1 Justified
A2 I've Only Known a Stranger
A3 I Got It Bad And That Ain't Good
B1 Black-Eyed Blues
B2 Too Many Roads
B3 You Could Have Had Me, Baby";174.jpg
175;Gil Scott-Heron e Brian Jackson;Secrets;EUA Press;Arista;LP;VG/VG+;50;soul;1978;"Nosso herói Gil Scott-Heron chega ao final dos anos 70 sem perder a elegância. ""Secrets"" é mais um disco seu na companhia do fiel escudeiro Brian Jackson e mantendo o alto padrão da parceria!";"A1 Angel Dust
A2 Madison Avenue
A3 Cane
A4 Third World Revolution
A5 Better Days Ahead
B1 Three Miles Down
B2 Angola, Lousiana
B3 Show Bizness
B4 A Prayer For Everbody/To Be Free";175.jpg
176;Ike & Tina Turner;Nutbush City Limits;EUA Press;United Artists;LP;VG/VG;80;soul;1973;"Transitando entre o soul, o funk e o rock, Ike & Tina mostram sua química explosiva em faixas como ""Nutbush City Limits"" e ""River Deep, Mountain High"".";"A1 Nutbush City Limits
A2 Make Me Over
A3 Drift Away
A4 That's My Purpose
A5 Fancy Annie
B1 River Deep, Mountain High
B2 Get It Out Of Your Mind
B3 Daily Bread
B4 You Are My Sunshine
B5 Club Manhattan";176.jpg
177;Jr. Walker;Greatest Hits!;Holanda Press;Motown;LP;VG+/VG+;70;soul;;"Ótima coletânea com versões para clássicos do soul como ""Shotgun"" e ""Money"".";"A1 Shotgun  
A2 How Sweet It Is (To Be Loved By You)
A3 Home Cookin'
A4 Pucker Up Buttercup
A5 What Does It Take
A6 (I'm a) Roadrunner
B1 Come See About Me
B2 Hip City Part 2
B3 Cleo's Mood
B4 Shake And Fingerpop
B5 Money (That's What I Want) Part 1
B6 Shoot Your Shot";177.jpg
178;Kool & The Gang;Everybody's Dancin';EUA Press;De-Lite;LP;VG+/VG+;60;funk;1978;Kool & The Gang fazendo o seu melhor: um disco para dançar! ;"A1 Everybody's Dancin'
A2 Dancin' Shoes
A3 Big Chief Funkum
B1 I Like Music
B2 You Deserve a Break Today
B3 At The Party
B4 Stay Awhile
B5 It's All You Need 
B6 Peace to the Universe";178.jpg
179;Lee Fields;Emma Jean;EUA Press;Truth & Soul;LP;MINT;80;soul;2014;Disco mais recente de um dos soulman mais cultuados da atualidade!;"A1 Just Can't Win
A2 Magnolia
A3 Paralyzed
A4 Standing By Your Side
A5 Eye To Eye
A6 In The Woods
B1 All I Need
B2 It Still Gets Me Down
B3 Talk To Somebody
B4 Stone Angel
B5 Don't Leave Me This Way";179.jpg
180;Mandrill ;Mandrill Is;EUA Press;Polydor;LP gatefold;NM/NM;90;funk;;"Reedição caprichada do segundo disco do Mandrill, lançado originalmente em 1972! Repertório nota 10, que já começa com a clássica ""Ape Is High""! Discaço!";"A1 Ape is High
A2 Cohelo
A3 Git It All
A4 Children Of The Sun
A5 I Refuse To Smile
B1 Universal Rhythms
B2 Lord of the Golden Baboon
B3 Central Park
B4 Kofijahm
B5 Here Today Gone Tomorrow
B6 The Sun Must Go Down";180.jpg
181;Poets of Rhythm;Anthology 1992 - 2003;EUA Press;Daptone;2 LP;MINT;120;funk;2013;"Wow! Coletânea quentíssima com as melhores gravações dos Poets of Rhythm entre 1992 e 2003. Eles foram os principais responsáveis pelo revival do original funk no começo dos anos 90! O disco inteiro é bom, mas a gente destaca ""More Mess On My Thing""!";"A1 Funky Train
A2 South Carolina
A3 Augusta, GA
A4 More Mess On My Thing
B1 North Carolina
B2 It Came Over Me
B3 50 Yards of Soul
B4 Santa's Got a Bag of Soul
C1 The Donkey
C2 Choking On a Piece of Meat Part 2
C3 Serengeti Stoke
C4 Rhodesian Girl
C5 Wallow in the Myrrh
D1 Summerdays
D2 Ham Gallery
D3 Smilin' (While You're Crying)
D4 Discern / Define
D5 Path of Life";181.jpg
182;Sly Stone;Recorded in San Francisco: 1964-67;EUA Press;Sculpture;LP;NM/NM;80;funk;;"Essencial: gravações de Sly Stone antes de sua estreia oficial ao lado da banda Family Stone, em 1967. Registradas entre 1964 e 1967, algumas músicas foram lançadas anteriormente como singles e são valiosas para entender o percurso do músico antes da explosão que o notabilizou! Confira sua versão para ""Watermelon Man"" (de Herbie Hancock)!";"A1 I Can't Turn You Loose
A2 Take My Advice
A3 Watermelon Man
A4 I Ain't Got Nobody
A5 Hi Love
B1 Life of Fortune & Fame If You Were Blue
B2 Deck of Cards
B3 Rock Dirge";182.jpg
183;Stevie Wonder;Talking Book;Holanda Press;Motown;LP gatefold;VG+/VG+;60;soul;1972;"Stevie Wonder no ápice da criatividade! Neste disco, dois de seus maiores clássicos: a sublime balada ""You Are The Sunshine Of My Life"" e o hit atemporal ""Supertition"". Discoteca básica!";"A1 You Are The Sunshine Of My Life
A2 Maybe Your Baby
A3 You And I
A4 Tuesday Heartbreak
A5 You've Got It Bad Girl
B1 Superstition
B2 Big Brother
B3 Blame It On The Sun
B4 Looking For Another Pure Love
B5 I Believe (When I Fall In Love It Will Be Forever)";183.jpg
184;Stevie Wonder;Music of My Mind;EUA Press;Motown;LP gatefold;VG/VG+;90;soul;1972;"""Music of My Mind"" marca uma nova fase de Stevie Wonder na Motonwn. É a partir deste trabalho, que ele começa a pensar nos discos como uma obra única e não mais uma coleção de singles sem conexão entre si. É também a partir dele que o músico começa a gravar todos os instrumentos e se aprofundar nos recursos dos sintetizadores. Ou seja: básico!";"A1 Love Having You Around
A2 Superwoman
A3 I Love Every Little Thing About You
A4 Sweet Little Girl
B1 Happier Than The Morning Sun
B2 Girl Blue
B3 Seems So Long
B4 Keep Or Running
B5 Evil";184.jpg
185;War;Galaxy;EUA Press;MCA;LP;VG/VG+;85;funk;1977;Disco de 1977, mostra o War em grande forma sobretudo na faixa-título -- um funk arrasa-quarteirão bem ao estilo consagrado pela banda!;"A1 Galaxy
A2 Baby Face (She Said Do Do Do Do)
A3 Sweet Fighting Lady
B1 Hey Señorita
B2 The Seven Tin Soldiers";185.jpg
186;War ;War Live;EUA Press;United Artists;2 LP;VG/VG;90;funk;1973;"Provavelmente um dos melhores discos ao vivo de funk já gravados: War no auge da forma, visitando clássicos absolutos como ""Slippin' Into Darkness"", ""The Cisco Kidd"" e ""All Day Music"". Fino!";"A1 Intro
A2 Sun Oh Son
A3 The Cisco Kid
A4 (Intro) Slippin' Into Darkness
B1 Slippin' Into Darkness
B2 Slippin' Part 2
C1 All Day Music
C2 Ballero
C3 Lonely Feelin'
C4 (intro) Get Down
D1 Get Down";186.jpg
187;War ;Deliver the World;;United Artists;LP;VG/VG;60;funk;1973;"Grande disco de uma das bandas mais autênticas do funk, com som inconfundível. Ouça o clássico das pistas ""Me And My Baby Brother""!";"A1 H2 Overture
A2 In Your Eyes
A3 Gipsy Man
B1 Me And My Baby Brother
B2 Deliver The World
B3 Southern Part of Texas
B4 Blisters";187.jpg
